time(s),current(A),cart position(m),pendulum angle(rad)
0.00768,0.026,0,-3.14159265358
0.011136,-0.052,0,-3.14159265358
0.014848,0,0,-3.14159265358
0.018496,0.026,0,-3.14159265358
0.022208,0.234,1.8E-05,-3.14080725541661
0.026112,0.338,7.2E-05,-3.14080725541661
0.030016,0.468,0.000126,-3.14080725541661
0.033984,0.52,0.000252,-3.14080725541661
0.037952,0.624,0.000468,-3.14002185725321
0.041984,0.676,0.000756,-3.13923645908981
0.045952,0.832,0.001134,-3.13845106092642
0.050048,0.884,0.001656,-3.13688026459963
0.054144,0.988,0.002304,-3.13530946827284
0.058304,1.04,0.003096,-3.13373867194605
0.062592,1.014,0.00405,-3.13059707929247
0.066816,1.222,0.005184,-3.12902628296568
0.07104,1.482,0.006462,-3.1250992921487
0.075264,1.378,0.007992,-3.12195769949512
0.079488,1.43,0.009666,-3.11881610684154
0.083776,1.612,0.011592,-3.11410371786117
0.088064,1.482,0.013824,-3.10939132888081
0.092416,1.69,0.016182,-3.10467893990043
0.096704,1.664,0.018918,-3.09603956010309
0.101056,1.872,0.021816,-3.08975637479593
0.105472,1.716,0.025056,-3.08347318948877
0.109888,1.794,0.028638,-3.07561920785482
0.114304,1.924,0.032454,-3.06540903173068
0.11872,1.872,0.036594,-3.05676965193334
0.123136,1.898,0.04104,-3.04577407764581
0.127552,1.872,0.045774,-3.03556390152168
0.131968,1.768,0.050796,-3.02692452172433
0.136384,1.794,0.056124,-3.01278735478322
0.1408,1.586,0.061704,-3.00100638233229
0.145216,1.508,0.0675,-2.98765461355458
0.149632,1.248,0.07353,-2.97430284477686
0.154048,1.3,0.079722,-2.96409266865273
0.158464,1.3,0.086112,-2.94681390905804
0.16288,1.014,0.092628,-2.93267674211693
0.167296,1.024,0.099288,-2.920895769666
0.171712,0.988,0.106038,-2.90440240823471
0.176128,0.858,0.112914,-2.8902652412936
0.180544,0.768,0.119862,-2.8745572780257
0.18496,0.728,0.126882,-2.85963471292119
0.18944,0.858,0.133992,-2.84549754598008
0.193856,0.702,0.141138,-2.83293117536576
0.198272,0.832,0.148338,-2.81565241577107
0.202688,0.546,0.155538,-2.80151524882996
0.207104,0.728,0.16281,-2.78659268372546
0.21152,0.468,0.170046,-2.77245551678435
0.215808,0.512,0.177156,-2.76145994249682
0.22016,0.364,0.184284,-2.74418118290213
0.224512,0.598,0.191376,-2.73161481228781
0.2288,0.26,0.19845,-2.71826304351009
0.233152,0.442,0.205524,-2.70648207105917
0.237504,0.234,0.212544,-2.69155950595466
0.241856,0.312,0.219528,-2.67899313534034
0.246144,0.13,0.226404,-2.66956835737961
0.250432,0.13,0.233118,-2.6546457922751
0.25472,0.156,0.239868,-2.64365021798757
0.2592,-0.13,0.246618,-2.63422544002683
0.26368,-0.156,0.253332,-2.62165906941251
0.26816,-0.364,0.259902,-2.61301968961516
0.272704,-0.546,0.266256,-2.60045331900085
0.277184,-0.572,0.272394,-2.59259933736689
0.281664,-0.702,0.27828,-2.58395995756955
0.286208,-0.884,0.283878,-2.576891374099
0.290816,-1.04,0.289332,-2.57060818879183
0.295488,-1.17,0.294534,-2.56275420715788
0.30016,-1.248,0.299376,-2.55882721634091
0.304832,-1.404,0.303858,-2.55411482736054
0.309504,-1.43,0.307962,-2.55018783654357
0.314176,-1.536,0.31167,-2.54861704021677
0.318848,-1.43,0.314946,-2.54704624388998
0.32352,-1.664,0.317772,-2.54704624388998
0.328192,-1.56,0.320112,-2.54861704021677
0.332864,-1.768,0.322074,-2.54940243838017
0.337536,-1.742,0.323496,-2.55332942919714
0.342208,-1.82,0.32445,-2.55804181817751
0.34688,-1.872,0.324972,-2.56353960532128
0.351552,-1.638,0.325026,-2.57139358695523
0.356224,-1.898,0.324594,-2.57767677226239
0.36096,-1.82,0.323784,-2.58867234654992
0.365632,-1.924,0.32256,-2.59652632818387
0.370304,-1.976,0.320904,-2.6075219024714
0.374976,-1.742,0.318906,-2.6224444675759
0.379648,-2.054,0.31653,-2.63579623635362
0.38432,-1.586,0.313722,-2.64679181064115
0.388992,-1.794,0.31059,-2.66407057023584
0.393664,-1.872,0.307116,-2.68213472799393
0.398336,-1.456,0.303282,-2.69470109860824
0.403008,-1.56,0.299124,-2.71590684901991
0.40768,-1.56,0.294678,-2.73554180310479
0.412352,-1.456,0.289944,-2.75046436820929
0.417024,-1.248,0.28494,-2.77481171127454
0.421696,-1.04,0.279702,-2.79680285984959
0.426368,-1.066,0.274212,-2.81408161944429
0.431104,-1.066,0.268542,-2.84078515699971
0.435648,-1.092,0.262818,-2.8588493147578
0.440256,-0.91,0.256932,-2.88084046333286
0.444736,-0.572,0.251046,-2.90440240823471
0.44928,-0.546,0.245088,-2.92717895497317
0.45376,-0.546,0.239058,-2.94917010354823
0.458304,-0.338,0.232992,-2.97430284477686
0.462784,-0.078,0.226908,-2.99707939151532
0.4672,0.026,0.221004,-3.02299753090736
0.47136,-0.026,0.215442,-3.04184708682884
0.475712,0,0.2097,-3.06776522622087
0.479872,0.26,0.204336,-3.08740018030575
0.484224,0.338,0.19881,-3.1109621252076
0.488512,0.52,0.193428,-3.13216787561926
0.492864,0.52,0.18828,-3.15180282970414
0.497216,0.676,0.183258,-3.17065238562561
0.501504,0.91,0.178488,-3.19028733971049
0.505984,0.936,0.173898,-3.20992229379536
0.5104,1.066,0.169524,-3.23348423869721
0.51488,1.144,0.16542,-3.2515483964553
0.51936,1.17,0.16164,-3.26961255421339
0.523904,1.3,0.158184,-3.28767671197147
0.528384,1.378,0.155124,-3.30259927707597
0.532864,1.56,0.15246,-3.31516564769029
0.537408,1.586,0.150192,-3.3308736109582
0.541888,1.612,0.148338,-3.34501077789931
0.546368,1.69,0.146952,-3.35757714851363
0.550912,1.716,0.14598,-3.37014351912795
0.555392,1.536,0.145476,-3.37799750076189
0.559936,1.846,0.145404,-3.38820767688603
0.564416,2.08,0.145746,-3.39606165851998
0.568896,1.924,0.146574,-3.40077404750035
0.57344,2.028,0.14769,-3.4078426309709
0.57792,1.846,0.149184,-3.41334041811467
0.5824,1.976,0.15111,-3.41569661260486
0.586944,1.742,0.15327,-3.42197979791201
0.591424,1.898,0.155862,-3.42276519607541
0.595968,1.716,0.158778,-3.4243359924022
0.600448,1.792,0.161946,-3.42590678872899
0.604928,1.872,0.16551,-3.4243359924022
0.609472,1.56,0.169326,-3.4243359924022
0.613952,1.56,0.173394,-3.42276519607541
0.618432,1.456,0.177804,-3.41883820525843
0.622976,1.28,0.182394,-3.41805280709504
0.627456,1.274,0.187218,-3.41412581627807
0.632,1.092,0.192258,-3.4078426309709
0.63648,0.988,0.197478,-3.40548643648072
0.640896,0.858,0.202734,-3.39998864933696
0.645248,0.676,0.208062,-3.3937054640298
0.649536,0.78,0.213444,-3.38899307504943
0.653888,0.728,0.218898,-3.38192449157887
0.65824,0.676,0.224424,-3.37642670443511
0.662592,0.39,0.22995,-3.37014351912795
0.66688,0.13,0.235494,-3.36386033382079
0.671232,0.104,0.24102,-3.35679175035023
0.675584,-0.052,0.246474,-3.35207936136986
0.68,-0.026,0.251946,-3.34422537973591
0.684416,-0.156,0.257346,-3.33794219442875
0.688896,-0.286,0.262674,-3.33244440728499
0.69344,-0.52,0.267822,-3.32616122197782
0.69792,-0.676,0.272808,-3.32066343483406
0.702464,-0.65,0.27756,-3.31516564769029
0.706944,-0.806,0.282042,-3.31123865687332
0.711552,-0.988,0.286326,-3.30731166605634
0.716096,-1.196,0.290304,-3.30259927707597
0.720768,-1.274,0.294012,-3.30024308258579
0.725504,-1.274,0.297306,-3.298672286259
0.730176,-1.456,0.30024,-3.29710148993221
0.734848,-1.456,0.302742,-3.29710148993221
0.73952,-1.638,0.304812,-3.29788688809561
0.744192,-1.56,0.306414,-3.298672286259
0.748864,-1.638,0.30762,-3.30102848074919
0.753536,-1.794,0.308286,-3.30417007340276
0.758208,-1.846,0.308484,-3.30966786054653
0.76288,-1.846,0.308286,-3.3143802495269
0.767552,-1.95,0.307638,-3.32144883299746
0.772224,-1.846,0.30654,-3.3293028146314
0.776896,-1.924,0.305082,-3.33480060177517
0.781568,-1.872,0.303282,-3.34501077789931
0.786304,-1.794,0.301032,-3.35522095402344
0.790976,-1.794,0.298422,-3.36386033382079
0.795648,-1.768,0.29556,-3.37564130627171
0.80032,-1.924,0.292356,-3.38585148239585
0.804992,-1.56,0.288774,-3.40077404750035
0.809664,-1.378,0.284922,-3.41019882546109
0.814336,-1.534,0.280854,-3.4251213905656
0.819008,-1.3,0.276552,-3.43611696485313
0.82368,-1.43,0.272016,-3.45261032628442
0.828352,-1.378,0.267282,-3.46674749322553
0.833024,-1.222,0.262422,-3.47931386383985
0.837632,-1.118,0.257526,-3.49266563261757
0.84224,-0.754,0.252504,-3.50837359588547
0.84672,-0.676,0.247536,-3.52172536466318
0.851264,-0.442,0.242568,-3.53507713344089
0.855744,-0.312,0.237528,-3.549214300382
0.860224,-0.286,0.232524,-3.56256606915972
0.864704,-0.156,0.227718,-3.57434704161064
0.868992,0.026,0.223002,-3.58691341222496
0.87328,0.26,0.218502,-3.59555279202231
0.877568,0.234,0.214038,-3.60654836630984
0.88192,0.286,0.209718,-3.61911473692416
0.886272,0.494,0.205578,-3.62932491304829
0.89056,0.754,0.201618,-3.63874969100903
0.894912,0.884,0.197928,-3.64581827447959
0.899328,1.04,0.194418,-3.65524305244033
0.903872,1.196,0.191124,-3.66152623774749
0.908352,1.222,0.188154,-3.66859482121804
0.912832,1.352,0.185544,-3.6756634046886
0.917376,1.43,0.183276,-3.67959039550557
0.921856,1.638,0.181404,-3.68273198815915
0.926336,1.508,0.179874,-3.68744437713952
0.93088,1.638,0.178794,-3.68822977530292
0.93536,1.716,0.178146,-3.68744437713952
0.939904,1.768,0.177894,-3.68822977530292
0.944384,1.716,0.178038,-3.68822977530292
0.948864,1.872,0.178632,-3.68430278448595
0.953408,2.08,0.179568,-3.68273198815915
0.957888,2.08,0.180864,-3.67880499734218
0.962368,1.898,0.182556,-3.67330721019842
0.966912,2.132,0.184608,-3.66623862672786
0.971392,1.846,0.18693,-3.6599554414207
0.975936,1.95,0.189666,-3.65053066345996
0.980416,1.612,0.192708,-3.64267668182601
0.984896,1.742,0.196038,-3.63246650570187
0.98944,1.664,0.199728,-3.62147093141435
0.99392,1.586,0.203616,-3.612831551617
0.9984,1.378,0.207846,-3.5979089865125
1.002944,1.326,0.21231,-3.58691341222496
1.007552,1.144,0.217062,-3.57513243977404
1.01216,0.988,0.222048,-3.56099527283293
1.01664,0.884,0.22716,-3.54214571691145
1.021056,0.806,0.232254,-3.53115014262392
1.025472,0.65,0.237492,-3.51308598486583
1.029952,0.598,0.24282,-3.49737802159793
1.034368,0.494,0.248202,-3.48481165098362
1.038784,0.338,0.253584,-3.46596209506213
1.0432,0.208,0.258966,-3.44946873363084
1.047552,-0.026,0.26424,-3.43376077036294
1.052096,-0.234,0.269658,-3.41962360342183
1.056704,-0.312,0.275076,-3.39998864933696
1.061248,-0.39,0.280332,-3.38742227872264
1.065856,-0.676,0.285444,-3.36700192647436
1.070464,-0.728,0.290376,-3.35365015769665
1.075072,-0.858,0.295038,-3.33715679626536
1.079744,-1.28,0.299502,-3.32380502748764
1.084544,-1.222,0.30375,-3.30888246238314
1.08928,-1.248,0.307656,-3.29474529544203
1.09408,-1.404,0.31113,-3.28060812850092
1.098816,-1.534,0.314208,-3.26882715604999
1.103616,-1.482,0.316836,-3.25704618359907
1.108416,-1.664,0.319014,-3.24683600747493
1.113152,-1.56,0.320688,-3.235055035024
1.117952,-1.742,0.321948,-3.22720105339005
1.122688,-1.846,0.322614,-3.2201324699195
1.127488,-1.768,0.322794,-3.21384928461234
1.132224,-1.898,0.322506,-3.20913689563197
1.137024,-2.002,0.321714,-3.205209904815
1.14176,-1.872,0.320526,-3.20206831216141
1.14656,-1.898,0.318924,-3.20049751583463
1.151296,-1.872,0.316908,-3.19814132134444
1.156096,-1.872,0.314496,-3.19814132134444
1.160896,-1.794,0.311778,-3.19892671950783
1.165632,-1.456,0.308664,-3.20049751583463
1.170432,-1.456,0.305262,-3.20206831216141
1.175168,-1.586,0.301572,-3.2044245066516
1.179968,-1.378,0.297612,-3.20756609930518
1.184704,-1.04,0.293454,-3.20992229379536
1.189504,-0.936,0.28908,-3.21542008093913
1.194112,-0.65,0.284688,-3.21777627542931
1.19872,-0.598,0.28017,-3.22327406257308
1.203328,-0.65,0.275598,-3.22720105339005
1.207872,-0.442,0.270954,-3.23191344237043
1.21248,-0.312,0.26631,-3.23741122951419
1.217088,-0.234,0.261702,-3.24055282216777
1.221504,-0.104,0.257292,-3.24447981298474
1.226048,0.052,0.252882,-3.24919220196512
1.2304,0.156,0.24876,-3.2523337946187
1.234816,0.416,0.244674,-3.25468998910888
1.239232,0.546,0.240786,-3.25861697992585
1.243648,0.702,0.237096,-3.26018777625264
1.248128,0.806,0.23364,-3.26097317441604
1.252608,0.962,0.2304,-3.26254397074283
1.257152,1.066,0.227448,-3.26254397074283
1.26176,1.378,0.224784,-3.26175857257943
1.266304,1.352,0.222516,-3.26097317441604
1.270912,1.586,0.220608,-3.25783158176246
1.27552,1.534,0.219168,-3.25390459094548
1.280128,1.716,0.218124,-3.24997760012851
1.284736,1.742,0.217548,-3.24290901665795
1.289344,1.872,0.217458,-3.23819662767759
1.293952,1.976,0.217746,-3.23112804420703
1.298496,1.872,0.218556,-3.21856167359271
1.303104,2.002,0.21969,-3.21070769195876
1.307712,1.82,0.221184,-3.19892671950783
1.31232,1.924,0.22311,-3.1879311452203
1.316928,1.716,0.225342,-3.17536477460599
1.321536,1.976,0.227952,-3.16122760766487
1.326144,1.664,0.230868,-3.14866123705055
1.330688,1.742,0.234108,-3.13216787561926
1.335296,1.794,0.23769,-3.11960150500494
1.339904,1.404,0.24147,-3.10546433806383
1.344512,1.248,0.245556,-3.08740018030575
1.34912,1.196,0.24984,-3.06697982805747
1.353728,1.17,0.254322,-3.05048646662618
1.358272,1.04,0.258948,-3.03320770703149
1.362816,0.806,0.263628,-3.0151435492734
1.367232,0.702,0.268326,-2.99786478967871
1.371648,0.65,0.273006,-2.98058603008403
1.376128,0.39,0.27774,-2.96644886314292
1.380544,0.338,0.282456,-2.94524311273125
1.384896,0.182,0.28701,-2.92874975129995
1.389376,-0.078,0.291636,-2.91225638986866
1.39392,-0.208,0.296172,-2.89733382476415
1.398528,-0.234,0.300654,-2.87848426884267
1.403136,-0.624,0.304884,-2.86277630557478
1.40768,-0.91,0.30888,-2.84942453679706
1.412288,-0.91,0.312606,-2.83293117536576
1.417024,-0.962,0.316098,-2.81879400842465
1.421696,-1.248,0.319212,-2.80779843413712
1.426432,-1.378,0.321984,-2.7960174616862
1.431232,-1.404,0.32436,-2.78423648923528
1.435968,-1.508,0.326304,-2.77481171127454
1.440768,-1.586,0.327762,-2.7646015351504
1.445568,-1.716,0.32868,-2.75753295167984
1.450304,-1.768,0.329184,-2.75124976637268
1.455104,-1.768,0.329184,-2.74496658106553
1.45984,-2.048,0.328698,-2.74103959024855
1.46464,-1.924,0.327816,-2.73868339575836
1.469376,-1.924,0.326466,-2.73711259943157
1.474176,-1.95,0.324666,-2.73632720126818
1.478912,-1.742,0.322542,-2.73711259943157
1.483712,-1.638,0.320004,-2.73711259943157
1.488512,-1.742,0.31707,-2.74103959024855
1.493248,-1.482,0.313812,-2.74339578473873
1.498048,-1.664,0.310266,-2.74653737739232
1.502784,-1.586,0.306396,-2.75360596086287
1.507584,-1.326,0.302274,-2.75831834984324
1.51232,-1.092,0.297936,-2.76538693331379
1.51712,-0.884,0.2934,-2.77245551678435
1.521728,-0.624,0.288864,-2.77873870209151
1.526336,-0.52,0.28422,-2.78737808188886
1.530944,-0.364,0.279486,-2.7960174616862
1.535488,-0.156,0.274734,-2.80151524882996
1.540096,-0.13,0.27,-2.81015462862731
1.544576,0,0.265428,-2.82036480475145
1.5488,0.156,0.261162,-2.82664799005861
1.553216,0.286,0.256752,-2.83528736985595
1.557632,0.494,0.252522,-2.84157055516311
1.562112,0.754,0.248472,-2.84942453679706
1.566528,0.884,0.244566,-2.8580639165944
1.571008,0.988,0.240894,-2.86434710190157
1.575552,1.014,0.237438,-2.87063028720872
1.58016,1.28,0.23427,-2.87612807435249
1.584768,1.378,0.231426,-2.88162586149625
1.589312,1.508,0.228996,-2.88633825047662
1.59392,1.456,0.226926,-2.89105063945699
1.598528,1.768,0.22527,-2.89262143578378
1.603136,1.742,0.224082,-2.89497763027397
1.607744,1.82,0.22329,-2.89654842660076
1.612352,1.742,0.223002,-2.89654842660076
1.61696,1.872,0.223074,-2.89654842660076
1.621504,2.028,0.223578,-2.89497763027397
1.626112,1.792,0.22446,-2.89340683394718
1.63072,1.846,0.225666,-2.89183603762039
1.635328,1.794,0.227268,-2.88712364864002
1.639936,1.898,0.229176,-2.88476745414983
1.644544,1.612,0.231372,-2.88084046333286
1.649088,1.716,0.233946,-2.87377187986231
1.653696,1.404,0.236682,-2.87063028720872
1.658304,1.3,0.239742,-2.86277630557478
1.662912,1.352,0.242982,-2.85727851843101
1.66752,0.936,0.246384,-2.85335152761404
1.671936,0.832,0.249822,-2.84471214781669
1.676352,0.754,0.253332,-2.83921436067293
1.680768,0.624,0.256914,-2.83371657352916
1.685248,0.286,0.260514,-2.82664799005861
1.689664,0.156,0.26415,-2.81957940658805
1.69408,0.13,0.267714,-2.81486701760768
1.698624,-0.104,0.271278,-2.80858383230052
1.703168,-0.234,0.274806,-2.80387144332015
1.707776,-0.468,0.278172,-2.79837365617639
1.712384,-0.572,0.28134,-2.79366126719602
1.716992,-0.858,0.284328,-2.79051967454243
1.721664,-0.962,0.28701,-2.78737808188886
1.7264,-1.144,0.289422,-2.78502188739867
1.731136,-1.248,0.291492,-2.78423648923528
1.735936,-1.404,0.293202,-2.78266569290848
1.740672,-1.56,0.29448,-2.78423648923528
1.745472,-1.56,0.295272,-2.78737808188886
1.750208,-1.742,0.295704,-2.78894887821564
1.755008,-1.664,0.29565,-2.79444666535941
1.759744,-1.898,0.29511,-2.79994445250318
1.764544,-1.794,0.294192,-2.80465684148354
1.769344,-2.106,0.292878,-2.81408161944429
1.77408,-1.846,0.291078,-2.82272099924163
1.77888,-2.048,0.288918,-2.83293117536576
1.783616,-2.048,0.286362,-2.8423559533265
1.788416,-1.794,0.28341,-2.85335152761404
1.793152,-1.534,0.28008,-2.86827409271854
1.797952,-1.508,0.276462,-2.88005506516946
1.802688,-1.742,0.272538,-2.89419223211057
1.807488,-1.378,0.268326,-2.91147099170526
1.812288,-1.222,0.26388,-2.92482276048298
1.817024,-0.962,0.259218,-2.94367231640446
1.821632,-0.806,0.254556,-2.95938027967236
1.82624,-0.598,0.249786,-2.97587364110365
1.830848,-0.442,0.244926,-2.99079620620816
1.835456,-0.416,0.240048,-3.01043116029304
1.840064,-0.104,0.235152,-3.02692452172433
1.844544,0.156,0.230382,-3.04341788315562
1.84896,0.234,0.225792,-3.05991124458692
1.853376,0.494,0.221292,-3.07247761520124
1.857856,0.624,0.216972,-3.09054177295932
1.862272,0.78,0.21285,-3.10310814357364
1.866752,0.962,0.208908,-3.11803070867815
1.871296,1.04,0.205236,-3.13138247745586
1.875904,1.222,0.201834,-3.14551964439697
1.880512,1.404,0.198792,-3.15887141317469
1.88512,1.56,0.196164,-3.16986698746222
1.889664,1.508,0.193932,-3.18321875623994
1.894272,1.638,0.192132,-3.19342893236407
1.89888,1.82,0.190818,-3.20128291399802
1.903488,1.82,0.189936,-3.20756609930518
1.908096,1.846,0.189558,-3.21620547910253
1.912704,1.846,0.189594,-3.22170326624629
1.917312,1.95,0.190044,-3.22641565522666
1.921856,1.95,0.190908,-3.22877184971685
1.926464,1.794,0.192096,-3.23269884053382
1.931072,1.794,0.19368,-3.23426963686061
1.93568,1.742,0.195606,-3.23426963686061
1.940288,1.586,0.19782,-3.23662583135079
1.944896,1.56,0.200358,-3.235055035024
1.949504,1.222,0.20313,-3.23426963686061
1.954048,1.248,0.206154,-3.23348423869721
1.958656,1.144,0.209358,-3.23112804420703
1.9632,0.832,0.212688,-3.22877184971685
1.967616,0.624,0.216054,-3.22720105339005
1.972032,0.624,0.219474,-3.22327406257308
1.976448,0.416,0.22293,-3.22091786808289
1.980928,0.104,0.226404,-3.21777627542931
1.985344,0.078,0.22986,-3.21463468277574
1.98976,-0.156,0.23319,-3.21227848828555
1.994368,-0.364,0.23652,-3.20913689563197
1.998976,-0.468,0.239724,-3.20678070114179
2.003584,-0.728,0.242712,-3.2044245066516
2.008192,-1.024,0.24543,-3.20363910848821
2.012928,-0.988,0.24795,-3.20363910848821
2.0176,-1.28,0.250092,-3.20206831216141
2.0224,-1.404,0.251856,-3.2044245066516
2.0272,-1.534,0.253224,-3.20599530297839
2.031936,-1.586,0.254196,-3.20835149746857
2.036736,-1.742,0.254646,-3.21227848828555
2.041472,-1.82,0.254646,-3.21777627542931
2.046272,-2.028,0.254196,-3.22248866440968
2.051008,-1.82,0.25335,-3.23112804420703
2.055808,-1.898,0.25209,-3.23819662767759
2.060608,-1.846,0.250398,-3.24762140563832
2.065344,-1.768,0.248292,-3.25704618359907
2.070144,-1.794,0.245844,-3.26490016523302
2.07488,-1.612,0.24309,-3.27825193401073
2.07968,-1.768,0.239958,-3.28924750829826
2.084416,-1.326,0.236484,-3.30024308258579
2.089216,-1.378,0.232794,-3.3135948513635
2.093952,-1.326,0.228906,-3.32616122197782
2.098752,-1.014,0.224784,-3.34029838891893
2.103424,-0.962,0.220572,-3.35365015769665
2.108032,-0.572,0.216378,-3.36935812096455
2.11264,-0.234,0.21213,-3.38349528790566
2.117248,-0.26,0.207864,-3.3937054640298
2.121664,-0.156,0.20385,-3.4086280291343
2.126208,0.052,0.199782,-3.42119439974862
2.130496,0.182,0.196002,-3.43140457587275
2.134976,0.494,0.192312,-3.44161475199689
2.139392,0.676,0.188766,-3.4549665207746
2.143808,0.858,0.185526,-3.46203510424516
2.148352,1.118,0.182448,-3.47224528036929
2.152896,1.222,0.17964,-3.48245545649343
2.157504,1.404,0.177228,-3.48873864180059
2.162112,1.43,0.175194,-3.49659262343454
2.16672,1.56,0.173538,-3.5028758087417
2.171328,1.742,0.172386,-3.50758819772207
2.175936,1.716,0.17163,-3.51151518853905
2.180544,1.872,0.171378,-3.51308598486583
2.185088,1.716,0.17154,-3.51544217935602
2.189696,1.536,0.17208,-3.51701297568281
2.194304,1.898,0.173088,-3.51465678119262
2.198912,2.08,0.17442,-3.51308598486583
2.20352,1.872,0.17613,-3.51072979037565
2.208128,1.638,0.1782,-3.50680279955868
2.212736,1.82,0.180612,-3.5020904105783
2.21728,1.456,0.183294,-3.49894881792473
2.221888,1.378,0.186264,-3.49266563261757
2.226496,1.43,0.189468,-3.4863824473104
2.231104,1.04,0.19287,-3.47852846567645
2.235648,0.962,0.19638,-3.4714598822059
2.240064,0.91,0.199962,-3.46360590057195
2.24448,0.572,0.20358,-3.4549665207746
2.248896,0.234,0.20727,-3.44711253914065
2.253312,0.182,0.21096,-3.43925855750671
2.257792,0,0.214578,-3.43140457587275
2.26208,-0.156,0.218088,-3.42197979791201
2.266688,-0.768,0.221652,-3.41255501995127
2.271296,-0.468,0.225036,-3.40391564015393
2.275904,-0.676,0.228258,-3.39527626035658
2.280576,-1.066,0.231246,-3.38820767688603
2.285376,-1.248,0.233928,-3.38113909341547
2.290112,-1.404,0.236286,-3.37485590810832
2.294912,-1.43,0.238248,-3.36857272280116
2.299712,-1.586,0.239796,-3.36386033382079
2.304448,-1.664,0.24084,-3.35993334300381
2.309248,-1.82,0.241416,-3.35757714851363
2.313984,-2.048,0.241542,-3.35365015769665
2.318784,-1.95,0.241218,-3.35365015769665
2.32352,-1.846,0.240408,-3.35365015769665
2.32832,-2.028,0.239184,-3.35365015769665
2.333056,-1.898,0.237618,-3.35522095402344
2.337856,-1.716,0.235656,-3.35600635218683
2.342656,-1.794,0.233316,-3.35993334300381
2.347392,-1.43,0.230688,-3.36464573198418
2.352192,-1.456,0.227754,-3.36778732463776
2.356928,-1.456,0.224604,-3.37092891729134
2.361728,-1.024,0.22122,-3.37642670443511
2.3664,-0.832,0.217746,-3.38035369525208
2.371008,-0.65,0.214254,-3.38742227872264
2.375616,-0.52,0.210654,-3.39056387137621
2.380224,-0.338,0.207072,-3.39606165851998
2.384704,-0.13,0.203544,-3.40155944566375
2.389248,0.078,0.200124,-3.40313024199054
2.3936,0.26,0.19692,-3.4078426309709
2.398016,0.494,0.193752,-3.41176962178788
2.402432,0.512,0.190854,-3.41255501995127
2.406976,0.962,0.1881,-3.41648201076825
2.411456,1.144,0.185616,-3.41805280709504
2.416064,1.3,0.183474,-3.41648201076825
2.420672,1.534,0.18162,-3.41805280709504
2.42528,1.508,0.180216,-3.41648201076825
2.429888,1.664,0.179226,-3.41412581627807
2.434496,1.742,0.17865,-3.41098422362449
2.43904,1.872,0.17856,-3.40470103831732
2.443648,1.846,0.178866,-3.39998864933696
2.448256,1.95,0.179658,-3.392134667703
2.452864,1.95,0.180828,-3.38506608423245
2.457472,1.872,0.182322,-3.3772121025985
2.46208,1.95,0.184248,-3.36857272280116
2.466688,1.638,0.186498,-3.35522095402344
2.471232,1.82,0.189054,-3.3457961760627
2.47584,1.508,0.191952,-3.33401520361178
2.480448,1.534,0.195084,-3.31830724034387
2.485056,1.118,0.198486,-3.30652626789295
2.489664,1.04,0.202032,-3.29160370278844
2.494144,0.936,0.205722,-3.27746653584733
2.498624,0.754,0.209412,-3.26332936890623
2.50304,0.546,0.213174,-3.24919220196512
2.507456,0.182,0.216936,-3.2358404331874
2.511808,0.182,0.220572,-3.22091786808289
2.516352,0.026,0.224352,-3.20599530297839
2.520768,-0.286,0.227934,-3.19185813603728
2.525376,-0.624,0.231426,-3.17772096909617
2.529984,-0.676,0.234756,-3.16436920031845
2.534656,-0.962,0.237906,-3.15258822786753
2.539328,-1.17,0.240714,-3.13923645908981
2.544128,-1.352,0.24318,-3.1258846903121
2.548864,-1.456,0.245286,-3.11410371786117
2.553664,-1.56,0.246906,-3.10546433806383
2.5584,-1.768,0.248076,-3.09682495826648
2.5632,-1.742,0.248814,-3.08740018030575
2.568,-1.924,0.24903,-3.08111699499858
2.572736,-1.976,0.248796,-3.07483380969143
2.577536,-1.742,0.248112,-3.07090681887445
2.582272,-1.846,0.246978,-3.06855062438426
2.587072,-1.742,0.245466,-3.06383823540389
2.591808,-1.768,0.24354,-3.06383823540389
2.596608,-1.456,0.24129,-3.06226743907711
2.601344,-1.508,0.238698,-3.06226743907711
2.606144,-1.352,0.2358,-3.06383823540389
2.610944,-1.04,0.232686,-3.06462363356729
2.615616,-1.222,0.229428,-3.06619442989408
2.620288,-0.728,0.22599,-3.06855062438426
2.624896,-0.416,0.222534,-3.07169221703785
2.629504,-0.442,0.219042,-3.07326301336464
2.634112,-0.286,0.21555,-3.07561920785482
2.638592,0.234,0.212166,-3.07797540234501
2.643008,0.312,0.208926,-3.07954619867179
2.647488,0.65,0.205866,-3.08190239316198
2.651904,0.78,0.20295,-3.08347318948877
2.65632,0.768,0.200268,-3.08347318948877
2.6608,1.092,0.197802,-3.08425858765217
2.665408,1.274,0.195606,-3.08425858765217
2.670016,1.352,0.19377,-3.08268779132537
2.674624,1.612,0.19233,-3.08111699499858
2.679232,1.742,0.191322,-3.07797540234501
2.68384,1.794,0.190746,-3.07404841152803
2.688448,1.794,0.19062,-3.06855062438426
2.692992,1.794,0.190872,-3.06462363356729
2.6976,1.898,0.191574,-3.05598425376994
2.702208,1.95,0.192636,-3.04813027213599
2.706816,2.002,0.19404,-3.04027629050204
2.711424,1.69,0.19584,-3.0316369107047
2.716032,1.716,0.19791,-3.02064133641717
2.72064,1.716,0.200358,-3.01043116029304
2.725184,1.326,0.20295,-3.00100638233229
2.729792,1.144,0.205866,-2.98844001171797
2.7344,1.024,0.208944,-2.97665903926705
2.738944,0.832,0.212094,-2.96644886314292
2.74336,0.78,0.21528,-2.95388249252859
2.747776,0.572,0.218502,-2.94367231640446
2.752192,0.182,0.22176,-2.93032054762675
2.756608,0.052,0.224928,-2.920895769666
2.761088,-0.052,0.228006,-2.90911479721508
2.765568,-0.494,0.23103,-2.89654842660076
2.770176,-0.572,0.23391,-2.88869444496681
2.774784,-0.936,0.236556,-2.87612807435249
2.779456,-1.092,0.238968,-2.86748869455515
2.784256,-1.248,0.241092,-2.8588493147578
2.788992,-1.3,0.242784,-2.85099533312385
2.793792,-1.586,0.244116,-2.84392674965329
2.798528,-1.612,0.24498,-2.83921436067293
2.803328,-1.768,0.24534,-2.83450197169256
2.808128,-1.924,0.24525,-2.83136037903897
2.812864,-1.846,0.244674,-2.82978958271218
2.817664,-1.924,0.243666,-2.82900418454879
2.8224,-1.768,0.24228,-2.82900418454879
2.8272,-1.846,0.240426,-2.82978958271218
2.831936,-1.742,0.238194,-2.83293117536576
2.836736,-1.508,0.235674,-2.83685816618274
2.841472,-1.56,0.232812,-2.84078515699971
2.846272,-1.3,0.229626,-2.84549754598008
2.851008,-1.092,0.226224,-2.85178073128725
2.855744,-0.884,0.222714,-2.8580639165944
2.860352,-0.754,0.219096,-2.86434710190157
2.86496,-0.494,0.215388,-2.87063028720872
2.869504,-0.104,0.211626,-2.87769887067928
2.874048,0.052,0.207972,-2.88555285231323
2.8784,0.208,0.204498,-2.8902652412936
2.882816,0.416,0.201042,-2.89890462109095
2.887232,0.65,0.197748,-2.90440240823471
2.891648,0.884,0.194652,-2.91068559354187
2.896192,1.04,0.1917,-2.91539798252224
2.9008,1.17,0.189036,-2.920895769666
2.905408,1.404,0.186696,-2.92560815864638
2.910016,1.482,0.184752,-2.93032054762675
2.91456,1.638,0.183186,-2.93267674211693
2.919168,1.872,0.18207,-2.93581833477051
2.923776,1.846,0.181386,-2.9373891310973
2.928384,1.794,0.181188,-2.93581833477051
2.932992,1.82,0.181368,-2.9373891310973
2.9376,1.872,0.181926,-2.93660373293391
2.942208,1.794,0.182916,-2.93267674211693
2.946752,2.002,0.184212,-2.93110594579014
2.95136,1.794,0.18585,-2.92874975129995
2.955968,1.534,0.187794,-2.92403736231959
2.960576,1.404,0.190026,-2.92011037150261
2.965184,1.196,0.192402,-2.91618338068564
2.969792,1.17,0.195012,-2.90990019537847
2.974272,0.754,0.197676,-2.90440240823471
2.978688,0.676,0.200376,-2.90047541741773
2.983168,0.338,0.203112,-2.89576302843736
2.987584,0.078,0.20583,-2.88947984313021
2.992,-0.026,0.208512,-2.88633825047662
2.996544,-0.512,0.211122,-2.88162586149625
3.001088,-0.546,0.21357,-2.87691347251589
3.005696,-0.728,0.215856,-2.8745572780257
3.010432,-1.28,0.21789,-2.87220108353551
3.015168,-1.196,0.219618,-2.86905949088193
3.019968,-1.352,0.22104,-2.86827409271854
3.024704,-1.534,0.22194,-2.86827409271854
3.029504,-1.742,0.222408,-2.86905949088193
3.03424,-1.56,0.222462,-2.87141568537212
3.03904,-1.846,0.222048,-2.8745572780257
3.04384,-1.872,0.221166,-2.88005506516946
3.048576,-1.924,0.219834,-2.88555285231323
3.053376,-1.846,0.21816,-2.89105063945699
3.058112,-1.846,0.216108,-2.89890462109095
3.062912,-1.794,0.213588,-2.90990019537847
3.067648,-1.638,0.210816,-2.91932497333921
3.072448,-1.326,0.20772,-2.92796435313656
3.077248,-1.248,0.204336,-2.93974532558748
3.081984,-1.17,0.200736,-2.9523116962018
3.086656,-0.832,0.19701,-2.96487806681612
3.091264,-0.546,0.193284,-2.97351744661347
3.095872,-0.26,0.189468,-2.99001080804477
3.10048,-0.13,0.185634,-3.00179178049569
3.10496,0.026,0.181962,-3.01043116029304
3.109312,0.416,0.178488,-3.02613912356093
3.113792,0.546,0.175068,-3.03634929968507
3.118208,0.754,0.171918,-3.04813027213599
3.122688,0.988,0.168858,-3.05912584642352
3.127232,1.118,0.166176,-3.06619442989408
3.13184,1.43,0.163746,-3.07640460601821
3.136448,1.404,0.16173,-3.08504398581556
3.140992,1.534,0.16011,-3.0944687637763
3.1456,1.82,0.15894,-3.10075194908346
3.150208,1.846,0.15822,-3.10624973622722
3.154816,1.924,0.158004,-3.1109621252076
3.159424,1.82,0.158202,-3.11488911602457
3.164032,1.95,0.158814,-3.11881610684154
3.16864,1.794,0.159822,-3.11960150500494
3.173184,1.794,0.161226,-3.12117230133173
3.177792,1.586,0.162882,-3.12274309765852
3.1824,1.612,0.164916,-3.12038690316833
3.187008,1.274,0.167148,-3.12038690316833
3.191616,1.066,0.16956,-3.11960150500494
3.196096,1.066,0.172152,-3.11645991235136
3.20064,0.832,0.174798,-3.11567451418796
3.205056,0.442,0.177462,-3.11331831969778
3.209472,0.312,0.180162,-3.1109621252076
3.213952,0.026,0.182808,-3.1101767270442
3.218368,-0.104,0.185382,-3.10782053255401
3.222976,-0.52,0.187938,-3.10546433806383
3.227584,-0.702,0.190242,-3.10546433806383
3.232256,-1.066,0.192384,-3.10467893990043
3.236992,-1.196,0.194238,-3.10467893990043
3.241792,-1.326,0.195714,-3.10546433806383
3.246528,-1.56,0.19683,-3.10782053255401
3.251328,-1.586,0.197442,-3.10939132888081
3.256128,-1.716,0.197604,-3.11331831969778
3.260864,-1.82,0.197316,-3.11960150500494
3.265664,-1.872,0.196596,-3.1250992921487
3.2704,-1.898,0.195462,-3.13295327378265
3.2752,-1.534,0.193878,-3.13845106092642
3.279936,-2.002,0.191916,-3.15023203337734
3.284736,-1.586,0.189594,-3.1580860150113
3.289472,-1.742,0.18702,-3.16751079297204
3.294272,-1.222,0.18405,-3.18243335807654
3.299072,-1.144,0.180846,-3.19264353420068
3.303808,-1.17,0.177534,-3.205209904815
3.30848,-0.546,0.174078,-3.21856167359271
3.313088,-0.572,0.170568,-3.23112804420703
3.317696,-0.468,0.16713,-3.24290901665795
3.322112,-0.078,0.1638,-3.2515483964553
3.326592,0.104,0.160524,-3.26568556339641
3.331008,0.338,0.157446,-3.27668113768394
3.335424,0.65,0.15453,-3.28610591564468
3.339968,1.04,0.151776,-3.29553069360542
3.344512,1.024,0.149274,-3.30574086972956
3.34912,1.404,0.147168,-3.31516564769029
3.353728,1.404,0.145386,-3.32380502748764
3.358336,1.664,0.144072,-3.3293028146314
3.362944,1.794,0.143208,-3.33480060177517
3.367552,1.872,0.142758,-3.34108378708233
3.37216,2.054,0.142812,-3.34343998157252
3.376704,1.846,0.143208,-3.34736697238949
3.381312,1.82,0.144054,-3.34815237055288
3.38592,1.924,0.145296,-3.34736697238949
3.390528,1.536,0.146826,-3.35050856504307
3.395136,1.404,0.148716,-3.34893776871628
3.399744,1.612,0.150948,-3.34422537973591
3.404352,1.3,0.15336,-3.34422537973591
3.408896,1.144,0.155988,-3.34108378708233
3.41344,0.806,0.158778,-3.33637139810196
3.417856,0.702,0.161514,-3.33480060177517
3.422272,0.286,0.164358,-3.3293028146314
3.426752,0.156,0.167202,-3.32537582381443
3.431232,0,0.17001,-3.32223423116085
3.435584,-0.39,0.172656,-3.31673644401708
3.440192,-0.468,0.175266,-3.3135948513635
3.4448,-0.832,0.17766,-3.31045325870993
3.449472,-1.092,0.179838,-3.30652626789295
3.454272,-1.144,0.181746,-3.30417007340276
3.459008,-1.456,0.18324,-3.30338467523937
3.463808,-1.664,0.184248,-3.30181387891258
3.468544,-1.664,0.184878,-3.30259927707597
3.473344,-1.794,0.185094,-3.30259927707597
3.478144,-2.048,0.184788,-3.30495547156616
3.48288,-1.846,0.184068,-3.30731166605634
3.48768,-1.846,0.182988,-3.31202405503672
3.492416,-1.976,0.181458,-3.31516564769029
3.497216,-1.508,0.179604,-3.32066343483406
3.501952,-1.69,0.177462,-3.32773201830461
3.506752,-1.404,0.17496,-3.33401520361178
3.511552,-1.222,0.172278,-3.34108378708233
3.516224,-0.884,0.169452,-3.34893776871628
3.520832,-0.832,0.166572,-3.35522095402344
3.52544,-0.442,0.163602,-3.362289537494
3.530048,-0.182,0.16065,-3.37014351912795
3.534528,0.026,0.157806,-3.37642670443511
3.53888,0.312,0.155142,-3.38270988974226
3.543296,0.442,0.152568,-3.38899307504943
3.547712,0.754,0.150228,-3.3929200658664
3.552256,0.988,0.148086,-3.39920325117356
3.556736,1.274,0.14625,-3.40313024199054
3.561344,1.3,0.144738,-3.40548643648072
3.565952,1.586,0.143658,-3.4086280291343
3.57056,1.742,0.142974,-3.40941342729769
3.575168,1.82,0.142776,-3.4086280291343
3.579776,1.534,0.142956,-3.40941342729769
3.584384,1.872,0.143532,-3.40705723280751
3.588992,1.872,0.144558,-3.40391564015393
3.593536,2.054,0.145908,-3.40077404750035
3.598144,1.742,0.147672,-3.39527626035658
3.602752,1.612,0.14976,-3.39056387137621
3.60736,1.716,0.152136,-3.38349528790566
3.611968,1.248,0.154764,-3.3772121025985
3.616576,1.066,0.157608,-3.36857272280116
3.621056,1.04,0.16056,-3.35993334300381
3.6256,0.572,0.163602,-3.35286475953325
3.630016,0.468,0.166626,-3.3457961760627
3.634368,0.052,0.169614,-3.33637139810196
3.638784,-0.052,0.172602,-3.32851741646801
3.643328,-0.26,0.1755,-3.31909263850727
3.647936,-0.65,0.178308,-3.31045325870993
3.65248,-0.858,0.180882,-3.30181387891258
3.657216,-1.144,0.183258,-3.29474529544203
3.661952,-1.222,0.185238,-3.28846211013487
3.666752,-1.56,0.186876,-3.28217892482771
3.671488,-1.792,0.188082,-3.27511034135715
3.676288,-1.82,0.188766,-3.27196874870357
3.681088,-2.048,0.188928,-3.26804175788659
3.685824,-1.742,0.188694,-3.2664709615598
3.690624,-1.924,0.187974,-3.26411476706962
3.69536,-1.82,0.186804,-3.26411476706962
3.70016,-1.716,0.185256,-3.26411476706962
3.704896,-1.638,0.183402,-3.26411476706962
3.709696,-1.378,0.181152,-3.2664709615598
3.714432,-1.28,0.178632,-3.26882715604999
3.719232,-1.066,0.175968,-3.27118335054018
3.723904,-0.832,0.173178,-3.27353954503036
3.728512,-0.52,0.17028,-3.27825193401073
3.73312,-0.512,0.1674,-3.28139352666431
3.737536,-0.026,0.164682,-3.2829643229911
3.741952,0.234,0.162,-3.28610591564468
3.746432,0.52,0.159444,-3.28924750829826
3.750848,0.728,0.157122,-3.29003290646165
3.755328,0.936,0.155016,-3.29160370278844
3.759872,1.274,0.153216,-3.29238910095184
3.76448,1.326,0.151704,-3.29081830462505
3.769088,1.482,0.150606,-3.29081830462505
3.773696,1.716,0.149976,-3.28846211013487
3.77824,1.846,0.149778,-3.28453511931789
3.782848,1.872,0.150012,-3.28217892482771
3.787456,1.872,0.150714,-3.27589573952054
3.792064,2.002,0.151812,-3.26882715604999
3.796672,1.82,0.15327,-3.26254397074283
3.80128,1.638,0.155088,-3.25311919278209
3.805888,1.69,0.157284,-3.24290901665795
3.810496,1.43,0.159678,-3.2358404331874
3.81504,1.352,0.162378,-3.22563025706327
3.819648,1.014,0.165258,-3.21384928461234
3.824192,0.702,0.168228,-3.20285371032481
3.828608,0.598,0.17118,-3.19342893236407
3.833024,0.182,0.174168,-3.18243335807654
3.83744,0.13,0.177138,-3.17143778378901
3.841984,-0.182,0.180072,-3.16201300582827
3.846592,-0.572,0.18288,-3.15101743154074
3.8512,-0.728,0.185454,-3.13923645908981
3.855872,-1.04,0.187884,-3.12824088480229
3.860672,-1.222,0.1899,-3.11960150500494
3.865408,-1.43,0.191574,-3.11174752337099
3.870208,-1.612,0.192816,-3.10389354173704
3.874944,-1.69,0.1935,-3.09682495826648
3.879744,-1.924,0.193698,-3.0936833656129
3.88448,-1.742,0.193446,-3.08740018030575
3.88928,-1.924,0.192726,-3.08425858765217
3.89408,-1.846,0.191538,-3.08347318948877
3.898816,-1.794,0.189936,-3.08190239316198
3.903616,-1.612,0.188028,-3.08111699499858
3.908352,-1.456,0.185742,-3.08111699499858
3.913152,-1.222,0.18315,-3.08190239316198
3.917888,-1.014,0.180396,-3.08504398581556
3.922624,-0.858,0.177534,-3.08582938397896
3.927232,-0.39,0.1746,-3.08897097663253
3.931776,-0.208,0.17163,-3.09132717112272
3.936256,0.078,0.168822,-3.09289796744951
3.940608,0.284,0.166176,-3.0952541619397
3.945024,0.598,0.163602,-3.09761035642988
3.94944,0.806,0.161226,-3.09761035642988
3.953984,1.04,0.159084,-3.09839575459328
3.958528,1.248,0.157248,-3.09761035642988
3.963136,1.482,0.155736,-3.09918115275667
3.967744,1.534,0.154656,-3.09682495826648
3.972352,1.716,0.154062,-3.09289796744951
3.97696,1.898,0.153882,-3.09211256928611
3.981568,1.846,0.154152,-3.08818557846914
3.986176,1.846,0.154908,-3.08111699499858
3.99072,1.95,0.156006,-3.07640460601821
3.995328,1.768,0.157482,-3.06933602254766
3.999936,1.612,0.159318,-3.06148204091371
4.004544,1.586,0.161388,-3.05362805927976
4.009152,1.3,0.163782,-3.04341788315562
4.01376,1.196,0.166338,-3.03477850335828
4.01824,0.728,0.168966,-3.02692452172433
4.02272,0.598,0.171684,-3.0159289474368
4.027136,0.182,0.174402,-3.00728956763945
4.031552,-0.026,0.177048,-2.99865018784211
4.036096,-0.234,0.179712,-2.99001080804477
4.040704,-0.52,0.182268,-2.98137142824742
4.045248,-0.78,0.184554,-2.97194665028668
4.049984,-1.04,0.186642,-2.96566346497952
4.05472,-1.222,0.188442,-2.95780948334557
4.05952,-1.378,0.189756,-2.95074089987501
4.064256,-1.586,0.190692,-2.94681390905804
4.069056,-1.768,0.191142,-2.94210152007767
4.073792,-1.898,0.191142,-2.93895992742409
4.078592,-1.976,0.19062,-2.9373891310973
4.083392,-1.976,0.189684,-2.93660373293391
4.088128,-1.742,0.188352,-2.93660373293391
4.092928,-1.846,0.18657,-2.93817452926069
4.097664,-1.482,0.184428,-2.93974532558748
4.102464,-1.56,0.182034,-2.94288691824107
4.107264,-0.988,0.179298,-2.94602851089464
4.111808,-0.988,0.176526,-2.94995550171162
4.116416,-0.65,0.17361,-2.95545328885539
4.121024,-0.442,0.170586,-2.95938027967236
4.125568,-0.13,0.167652,-2.96409266865273
4.130048,0.13,0.164736,-2.9695904557965
4.134528,0.416,0.162018,-2.97273204845008
4.138944,0.65,0.159462,-2.97665903926705
4.143424,0.988,0.157086,-2.98058603008403
4.147968,1.248,0.154998,-2.9837276227376
4.152576,1.404,0.153234,-2.98608381722779
4.15712,1.586,0.151884,-2.98844001171797
4.161728,1.742,0.15093,-2.98922540988137
4.166336,1.768,0.150462,-2.98922540988137
4.170944,1.846,0.150462,-2.98765461355458
4.175552,2.054,0.150894,-2.98686921539118
4.18016,2.028,0.151722,-2.984513020901
4.184768,1.69,0.152964,-2.98058603008403
4.189376,1.664,0.154494,-2.97822983559384
4.19392,1.69,0.156348,-2.97194665028668
4.198528,1.248,0.158472,-2.96723426130631
4.203136,1.092,0.160776,-2.96173647416254
4.20768,0.702,0.163224,-2.95623868701878
4.212096,0.624,0.165654,-2.95152629803841
4.216512,0.156,0.168138,-2.94602851089464
4.220864,0.026,0.170532,-2.94053072375088
4.22528,-0.26,0.172926,-2.93581833477051
4.229888,-0.52,0.175194,-2.93032054762675
4.234496,-0.78,0.177264,-2.92639355680977
4.239168,-1.066,0.1791,-2.92246656599279
4.243968,-1.3,0.180594,-2.91853957517582
4.248704,-1.43,0.18171,-2.91775417701243
4.253504,-1.612,0.182358,-2.91696877884903
4.258304,-1.82,0.182538,-2.91618338068564
4.26304,-1.898,0.182268,-2.91853957517582
4.26784,-2.028,0.181512,-2.92011037150261
4.272576,-1.768,0.180342,-2.92246656599279
4.277376,-1.638,0.178776,-2.92874975129995
4.282112,-1.768,0.176778,-2.93267674211693
4.286912,-1.248,0.174474,-2.93974532558748
4.291712,-1.534,0.171918,-2.94759930722144
4.296448,-0.936,0.169056,-2.95545328885539
4.301056,-0.91,0.166158,-2.96252187232594
4.305664,-0.442,0.163188,-2.97037585395989
4.310272,-0.026,0.160128,-2.97901523375724
4.314688,0.052,0.157212,-2.98529841906439
4.31904,0.256,0.154458,-2.99472319702514
4.323456,0.65,0.151776,-3.00100638233229
4.327872,0.858,0.149292,-3.00886036396624
4.332416,1.144,0.14706,-3.0159289474368
4.337024,1.248,0.145098,-3.02221213274396
4.341632,1.612,0.143568,-3.02613912356093
4.346176,1.638,0.142452,-3.0316369107047
4.350784,1.794,0.141786,-3.03477850335828
4.355392,1.95,0.141606,-3.03792009601186
4.36,1.794,0.14184,-3.03949089233865
4.364608,1.872,0.142524,-3.04106168866544
4.369216,1.768,0.143514,-3.04027629050204
4.373824,1.768,0.144918,-3.04106168866544
4.378432,1.43,0.146592,-3.03870549417525
4.382976,1.17,0.148572,-3.03792009601186
4.387584,1.17,0.150714,-3.03634929968507
4.392128,0.858,0.153,-3.03399310519488
4.396544,0.65,0.155322,-3.03242230886809
4.40096,0.338,0.157662,-3.02849531805112
4.405376,0.026,0.159984,-3.02613912356093
4.409856,-0.234,0.162162,-3.02535372539754
4.4144,-0.624,0.164304,-3.02299753090736
4.419008,-1.024,0.166212,-3.02142673458057
4.423808,-1.092,0.167904,-3.02142673458057
4.428544,-1.3,0.1692,-3.02064133641717
4.433344,-1.508,0.170082,-3.02142673458057
4.438144,-1.69,0.170496,-3.02535372539754
4.44288,-1.846,0.17046,-3.02770991988772
4.44768,-1.82,0.169938,-3.0316369107047
4.452416,-1.846,0.16902,-3.03792009601186
4.457216,-1.898,0.167652,-3.04420328131902
4.461952,-2.048,0.165888,-3.05048646662618
4.466752,-1.482,0.163818,-3.05991124458692
4.471488,-1.43,0.161352,-3.06933602254766
4.476288,-1.144,0.158634,-3.07797540234501
4.48096,-0.962,0.155826,-3.08740018030575
4.485568,-0.546,0.152928,-3.09682495826648
4.490176,-0.286,0.149922,-3.10860593071741
4.494592,-0.026,0.147096,-3.11724531051475
4.499008,0.208,0.144306,-3.12745548663889
4.503488,0.52,0.14166,-3.13609486643624
4.507904,0.806,0.13923,-3.14551964439697
4.512384,1.014,0.137016,-3.15337362603092
4.516992,1.274,0.13509,-3.16122760766487
4.5216,1.534,0.13356,-3.16829619113543
4.526208,1.742,0.132462,-3.17379397827919
4.530816,1.898,0.13185,-3.17693557093278
4.535424,1.846,0.131688,-3.18243335807654
4.540032,1.924,0.13194,-3.18636034889351
4.544576,1.976,0.132696,-3.18636034889351
4.549184,1.82,0.133758,-3.1895019415471
4.553792,1.586,0.135198,-3.1895019415471
4.5584,1.456,0.137016,-3.1887165433837
4.563008,1.3,0.139014,-3.1887165433837
4.567616,1.04,0.141282,-3.18636034889351
4.572096,0.702,0.143676,-3.18400415440333
4.576512,0.494,0.14598,-3.18478955256672
4.580992,0.13,0.148428,-3.18086256174975
4.585472,-0.052,0.150876,-3.17929176542296
4.590016,-0.286,0.153126,-3.17772096909617
4.594624,-0.728,0.155268,-3.17536477460599
4.599296,-1.014,0.157266,-3.17536477460599
4.604032,-1.222,0.158976,-3.17457937644259
4.608832,-1.536,0.1602,-3.17457937644259
4.613632,-1.586,0.161046,-3.17615017276938
4.618368,-1.82,0.161496,-3.17850636725957
4.623168,-1.716,0.161424,-3.18243335807654
4.627904,-1.95,0.160884,-3.18557495073012
4.632704,-1.742,0.159984,-3.19185813603728
4.63744,-2.048,0.158634,-3.19814132134444
4.64224,-1.664,0.156852,-3.20285371032481
4.646976,-1.378,0.154836,-3.21227848828555
4.651776,-1.248,0.152532,-3.22091786808289
4.656512,-0.884,0.149958,-3.22877184971685
4.66112,-0.702,0.147366,-3.23741122951419
4.665728,-0.338,0.144702,-3.24605060931154
4.670272,-0.13,0.142092,-3.25547538727227
4.674752,0.182,0.1395,-3.26254397074283
4.679232,0.442,0.137124,-3.27118335054018
4.683648,0.78,0.134946,-3.27668113768394
4.688128,1.066,0.132948,-3.28532051748129
4.692736,1.196,0.131274,-3.29003290646165
4.697344,1.482,0.129978,-3.29553069360542
4.701952,1.638,0.129096,-3.30181387891258
4.70656,1.792,0.128754,-3.30259927707597
4.711168,2.028,0.128772,-3.30652626789295
4.715712,1.846,0.129222,-3.30888246238314
4.72032,1.768,0.130158,-3.30652626789295
4.724928,2.002,0.131436,-3.30652626789295
4.729536,1.536,0.133056,-3.30652626789295
4.734144,1.43,0.135036,-3.30259927707597
4.738752,1.274,0.137286,-3.29945768442239
4.74336,0.936,0.13968,-3.29788688809561
4.747776,0.858,0.142182,-3.29395989727863
4.752192,0.442,0.144774,-3.28846211013487
4.756544,0.234,0.147276,-3.28532051748129
4.761024,-0.052,0.149868,-3.28217892482771
4.765568,-0.416,0.152298,-3.27746653584733
4.770176,-0.78,0.154602,-3.27353954503036
4.774848,-1.066,0.156672,-3.27118335054018
4.779648,-1.196,0.158472,-3.26804175788659
4.784384,-1.482,0.159876,-3.2664709615598
4.789184,-1.586,0.160776,-3.26411476706962
4.79392,-1.898,0.16128,-3.26490016523302
4.79872,-1.69,0.161316,-3.2664709615598
4.80352,-1.898,0.160866,-3.2664709615598
4.808256,-1.898,0.16002,-3.27039795237678
4.813056,-1.664,0.158796,-3.27432494319375
4.817792,-1.586,0.15714,-3.27746653584733
4.822592,-1.248,0.15525,-3.28217892482771
4.827328,-1.28,0.153144,-3.28846211013487
4.832064,-0.832,0.150822,-3.29395989727863
4.836608,-0.65,0.148482,-3.30024308258579
4.841216,-0.182,0.146106,-3.30417007340276
4.84576,0.078,0.143802,-3.31123865687332
4.850112,0.442,0.14166,-3.31595104585369
4.854528,0.676,0.139698,-3.31830724034387
4.859072,1.014,0.137916,-3.32380502748764
4.863616,1.144,0.13635,-3.32694662014122
4.868224,1.482,0.135252,-3.32773201830461
4.872832,1.69,0.134496,-3.3300882127948
4.87744,1.742,0.134244,-3.3300882127948
4.882048,1.82,0.134388,-3.3300882127948
4.886656,1.95,0.134982,-3.32773201830461
4.891264,1.976,0.136026,-3.32459042565103
4.895872,1.872,0.13743,-3.32223423116085
4.900416,1.638,0.139158,-3.31987803667067
4.905024,1.56,0.141318,-3.31123865687332
4.909632,1.17,0.143604,-3.30652626789295
4.91424,1.066,0.14616,-3.30259927707597
4.918784,0.728,0.148842,-3.29238910095184
4.9232,0.52,0.151488,-3.28767671197147
4.927552,0.13,0.154116,-3.28139352666431
4.932032,-0.026,0.156744,-3.27275414686696
4.936576,-0.598,0.159318,-3.2672563597232
4.941184,-0.702,0.161676,-3.25940237808925
4.945856,-1.118,0.1638,-3.25468998910888
4.950592,-1.3,0.1656,-3.24919220196512
4.955392,-1.456,0.16704,-3.24290901665795
4.960192,-1.69,0.16803,-3.24055282216777
4.964928,-1.794,0.168444,-3.23976742400438
4.969728,-1.95,0.16839,-3.2358404331874
4.974464,-1.794,0.16794,-3.235055035024
4.979264,-2.08,0.167058,-3.2358404331874
4.984,-1.586,0.165726,-3.23662583135079
4.9888,-1.43,0.164088,-3.23898202584098
4.9936,-1.326,0.162162,-3.24055282216777
4.998336,-0.91,0.159984,-3.24369441482135
5.002944,-0.832,0.15777,-3.24683600747493
5.007552,-0.512,0.155484,-3.24840680380172
5.011968,-0.182,0.153234,-3.25311919278209
5.016512,0.312,0.151002,-3.25547538727227
5.020928,0.494,0.149004,-3.25704618359907
5.025344,0.884,0.147186,-3.25940237808925
5.029888,1.04,0.145602,-3.26018777625264
5.034496,1.352,0.144342,-3.26175857257943
5.03904,1.508,0.143478,-3.26097317441604
5.043648,1.742,0.143064,-3.25861697992585
5.048256,1.792,0.14301,-3.25783158176246
5.052864,1.794,0.143442,-3.25468998910888
5.057472,1.95,0.144306,-3.24840680380172
5.06208,1.846,0.145494,-3.24526521114814
5.066688,1.664,0.147078,-3.23976742400438
5.071296,1.482,0.148986,-3.23112804420703
5.07584,1.508,0.151164,-3.22405946073647
5.080448,1.092,0.153558,-3.21699087726592
5.084992,0.832,0.15606,-3.20992229379536
5.089408,0.26,0.158598,-3.20049751583463
5.093824,0,0.161118,-3.19264353420068
5.098176,-0.13,0.163548,-3.18557495073012
5.102784,-0.512,0.165996,-3.17693557093278
5.107392,-0.832,0.168246,-3.16829619113543
5.112064,-1.196,0.170226,-3.16201300582827
5.116864,-1.3,0.1719,-3.15337362603092
5.1216,-1.508,0.173214,-3.14709044072377
5.1264,-1.638,0.173952,-3.14394884807019
5.1312,-1.872,0.174204,-3.14002185725321
5.135936,-1.794,0.174006,-3.13688026459963
5.140736,-1.872,0.173376,-3.13530946827284
5.145472,-1.794,0.172242,-3.13452407010945
5.150272,-1.69,0.170748,-3.13609486643624
5.155008,-1.536,0.168948,-3.13609486643624
5.159808,-1.066,0.166842,-3.13688026459963
5.16448,-0.884,0.164556,-3.14159265358
5.169088,-0.78,0.162162,-3.14316344990679
5.173696,-0.208,0.159732,-3.14394884807019
5.178112,0.026,0.157374,-3.14866123705055
5.182464,0.39,0.155088,-3.15023203337734
5.18688,0.702,0.153018,-3.15101743154074
5.191296,0.962,0.151056,-3.15337362603092
5.19584,1.092,0.149382,-3.15337362603092
5.200448,1.482,0.14805,-3.15337362603092
5.205056,1.638,0.147096,-3.15258822786753
5.2096,1.794,0.146628,-3.15023203337734
5.214208,1.742,0.146574,-3.14866123705055
5.218816,1.846,0.146934,-3.14551964439697
5.223424,1.846,0.147726,-3.13845106092642
5.228032,1.794,0.14886,-3.13530946827284
5.23264,1.56,0.150282,-3.12981168112907
5.237248,1.534,0.1521,-3.12274309765852
5.241792,1.144,0.15408,-3.11488911602457
5.246336,0.768,0.156222,-3.10782053255401
5.250752,0.52,0.158436,-3.10075194908346
5.255168,0.338,0.160668,-3.09289796744951
5.259712,-0.256,0.162936,-3.08582938397896
5.26432,-0.286,0.165132,-3.07640460601821
5.268928,-0.546,0.167148,-3.07012142071105
5.2736,-1.092,0.168966,-3.06462363356729
5.2784,-1.196,0.170442,-3.05676965193334
5.283136,-1.534,0.171558,-3.05284266111637
5.287936,-1.69,0.172224,-3.0473448739726
5.292672,-1.846,0.172386,-3.04577407764581
5.297472,-2.002,0.172044,-3.04341788315562
5.302208,-1.95,0.171306,-3.04106168866544
5.307008,-1.716,0.17019,-3.04184708682884
5.311744,-1.586,0.168642,-3.04263248499223
5.316544,-1.56,0.166716,-3.04577407764581
5.321344,-1.28,0.164574,-3.0473448739726
5.326016,-1.014,0.16227,-3.04891567029939
5.330688,-0.546,0.159732,-3.05284266111637
5.335296,-0.286,0.157194,-3.05676965193334
5.339776,0.104,0.154764,-3.05912584642352
5.344256,0.256,0.152388,-3.06383823540389
5.348672,0.65,0.150192,-3.06619442989408
5.353152,0.988,0.14823,-3.06697982805747
5.357696,1.248,0.146484,-3.07090681887445
5.362304,1.43,0.145098,-3.07169221703785
5.366912,1.792,0.144162,-3.07012142071105
5.37152,1.872,0.143676,-3.06933602254766
5.376064,1.742,0.143622,-3.06855062438426
5.380672,1.768,0.144036,-3.06540903173068
5.38528,1.846,0.144864,-3.06226743907711
5.389888,1.792,0.146016,-3.05991124458692
5.394496,1.664,0.147582,-3.05205726295297
5.399104,1.274,0.1494,-3.04813027213599
5.403712,1.118,0.151416,-3.04263248499223
5.408192,0.78,0.153576,-3.03477850335828
5.412608,0.572,0.155772,-3.02928071621452
5.41696,0.078,0.157896,-3.02456832723414
5.421376,-0.156,0.16002,-3.01749974376359
5.425984,-0.546,0.16209,-3.01121655845643
5.430592,-0.884,0.163908,-3.00650416947606
5.435328,-1.144,0.165456,-3.00336257682248
5.440064,-1.482,0.166716,-2.99786478967871
5.444864,-1.638,0.167562,-2.99472319702514
5.4496,-1.792,0.167886,-2.99315240069835
5.4544,-1.95,0.167724,-2.99315240069835
5.459136,-1.924,0.167148,-2.99158160437155
5.463936,-1.846,0.166212,-2.99393779886174
5.468672,-1.664,0.164808,-2.99629399335192
5.473472,-1.586,0.163008,-2.99865018784211
5.478272,-1.352,0.160956,-3.00336257682248
5.483008,-1.066,0.158688,-3.00728956763945
5.48768,-0.676,0.156222,-3.01357275294661
5.492288,-0.312,0.153702,-3.01828514192699
5.496704,-0.026,0.151344,-3.02064133641717
5.501184,0.364,0.148986,-3.02692452172433
5.5056,0.624,0.146754,-3.03242230886809
5.51008,0.91,0.144774,-3.03477850335828
5.514624,1.274,0.14301,-3.03949089233865
5.519232,1.43,0.14157,-3.04263248499223
5.52384,1.508,0.14058,-3.04420328131902
5.528384,1.794,0.140022,-3.04498867948241
5.532992,1.846,0.139914,-3.04577407764581
5.5376,1.924,0.140274,-3.04420328131902
5.542208,1.898,0.141066,-3.04420328131902
5.546816,1.742,0.142236,-3.04263248499223
5.551424,1.586,0.14373,-3.03792009601186
5.556032,1.3,0.145512,-3.03477850335828
5.56064,1.066,0.147492,-3.03242230886809
5.56512,0.65,0.149616,-3.02613912356093
5.569536,0.442,0.15174,-3.02221213274396
5.574016,0.078,0.153864,-3.01828514192699
5.578432,-0.156,0.155952,-3.01357275294661
5.58304,-0.52,0.15795,-3.01043116029304
5.587712,-1.014,0.159732,-3.00728956763945
5.592512,-1.196,0.161244,-3.00493337314927
5.597248,-1.352,0.162396,-3.00257717865908
5.602048,-1.612,0.163098,-3.00179178049569
5.606784,-1.846,0.163278,-3.00336257682248
5.611584,-1.872,0.163026,-3.00414797498588
5.61632,-2.002,0.162342,-3.00650416947606
5.62112,-1.742,0.161244,-3.00964576212964
5.62592,-1.586,0.159714,-3.01435815111001
5.630656,-1.586,0.157842,-3.02064133641717
5.635456,-1.17,0.155682,-3.02535372539754
5.640128,-1.014,0.153432,-3.03242230886809
5.6448,-0.494,0.150966,-3.03870549417525
5.649408,-0.234,0.148482,-3.04655947580921
5.653952,0.078,0.146088,-3.05362805927976
5.658304,0.494,0.143874,-3.05834044826013
5.66272,0.858,0.141804,-3.06462363356729
5.6672,1.17,0.139932,-3.07090681887445
5.671808,1.378,0.138384,-3.07404841152803
5.676416,1.56,0.137232,-3.0787608005084
5.681024,1.56,0.13644,-3.08347318948877
5.685632,1.872,0.136224,-3.08347318948877
5.69024,1.924,0.136368,-3.08661478214235
5.694784,1.794,0.136962,-3.08740018030575
5.699392,1.82,0.137988,-3.08582938397896
5.704,1.612,0.13932,-3.08504398581556
5.708608,1.534,0.140976,-3.08347318948877
5.713216,1.092,0.142884,-3.08111699499858
5.717696,0.806,0.1449,-3.07954619867179
5.722176,0.52,0.147024,-3.07719000418161
5.726592,0.052,0.149094,-3.07247761520124
5.731008,-0.052,0.151146,-3.07090681887445
5.735552,-0.416,0.153126,-3.06933602254766
5.74016,-0.858,0.15489,-3.06619442989408
5.744832,-1.118,0.156402,-3.06540903173068
5.749568,-1.3,0.157662,-3.06462363356729
5.754368,-1.534,0.158454,-3.06540903173068
5.759168,-1.716,0.158724,-3.06697982805747
5.763904,-2.054,0.158544,-3.06933602254766
5.768704,-1.846,0.157932,-3.07326301336464
5.77344,-1.794,0.156906,-3.07719000418161
5.77824,-1.536,0.155448,-3.08268779132537
5.782976,-1.534,0.153666,-3.09054177295932
5.787776,-1.248,0.151614,-3.0952541619397
5.792448,-0.858,0.1494,-3.10310814357364
5.797056,-0.442,0.14706,-3.1101767270442
5.801664,-0.208,0.144702,-3.11803070867815
5.806144,-0.026,0.142398,-3.12745548663889
5.810624,0.364,0.140238,-3.13295327378265
5.81504,0.78,0.138294,-3.13845106092642
5.81952,1.17,0.136548,-3.14473424623358
5.824128,1.274,0.135108,-3.15180282970414
5.828736,1.612,0.1341,-3.15494442235771
5.833344,1.794,0.133506,-3.1580860150113
5.837952,1.82,0.133362,-3.16201300582827
5.84256,1.768,0.133668,-3.16201300582827
5.847168,1.898,0.13437,-3.16436920031845
5.851712,1.794,0.13545,-3.16436920031845
5.85632,1.586,0.13689,-3.16358380215506
5.860928,1.326,0.138636,-3.16201300582827
5.865536,1.066,0.14058,-3.16044220950148
5.87008,0.858,0.142704,-3.1580860150113
5.874496,0.364,0.14481,-3.15572982052111
5.878848,0.13,0.14688,-3.15415902419432
5.883328,-0.234,0.148968,-3.15180282970414
5.887936,-0.624,0.150948,-3.14866123705055
5.892608,-0.936,0.152712,-3.14866123705055
5.897344,-1.196,0.154188,-3.14709044072377
5.90208,-1.638,0.155232,-3.14630504256037
5.90688,-1.69,0.155826,-3.14787583888716
5.911616,-1.898,0.156006,-3.14944663521395
5.916416,-1.792,0.155682,-3.15337362603092
5.921216,-1.846,0.154926,-3.15572982052111
5.925952,-1.898,0.153774,-3.16122760766487
5.930752,-1.508,0.152262,-3.16908158929882
5.935488,-1.248,0.150426,-3.1730085801158
5.940288,-1.066,0.148356,-3.18086256174975
5.94496,-0.676,0.146124,-3.1887165433837
5.949568,-0.286,0.143928,-3.19421433052746
5.953984,0,0.141768,-3.19971211767123
5.958272,0.256,0.139734,-3.20913689563197
5.962688,0.78,0.137826,-3.21227848828555
5.967168,1.066,0.136116,-3.2193470717561
5.971776,1.3,0.134658,-3.22405946073647
5.976384,1.612,0.133686,-3.22798645155345
5.980992,1.768,0.13302,-3.23348423869721
5.9856,1.794,0.132876,-3.23426963686061
5.990208,1.898,0.133182,-3.23426963686061
5.994816,1.898,0.13383,-3.23662583135079
5.999424,1.742,0.134928,-3.235055035024
6.003968,1.69,0.136386,-3.23269884053382
6.008576,1.482,0.138096,-3.23269884053382
6.013184,1.144,0.140076,-3.23034264604363
6.017728,0.832,0.142218,-3.22641565522666
6.022144,0.442,0.144342,-3.22405946073647
6.02656,0.156,0.146484,-3.2201324699195
6.031104,-0.26,0.148626,-3.21777627542931
6.035712,-0.624,0.150606,-3.21463468277574
6.040384,-1.014,0.152424,-3.21149309012215
6.04512,-1.222,0.15399,-3.21070769195876
6.04992,-1.482,0.155052,-3.20913689563197
6.05472,-1.82,0.155664,-3.20835149746857
6.059456,-1.768,0.15588,-3.20992229379536
6.064256,-1.872,0.155628,-3.21149309012215
6.068992,-1.742,0.154854,-3.21463468277574
6.073792,-1.95,0.15372,-3.21777627542931
6.078528,-1.792,0.152244,-3.22248866440968
6.083328,-1.118,0.150426,-3.22720105339005
6.088128,-1.196,0.148392,-3.23269884053382
6.0928,-0.598,0.146232,-3.23976742400438
6.097408,-0.286,0.144054,-3.24526521114814
6.101888,0.026,0.141948,-3.24997760012851
6.10624,0.364,0.139986,-3.25468998910888
6.110656,0.78,0.13815,-3.25940237808925
6.1152,1.066,0.136602,-3.26254397074283
6.119808,1.404,0.135306,-3.26804175788659
6.124416,1.536,0.13446,-3.26882715604999
6.129024,1.794,0.134028,-3.27118335054018
6.133568,1.82,0.134046,-3.27196874870357
6.138176,1.742,0.134568,-3.27039795237678
6.142784,1.82,0.135432,-3.27039795237678
6.147392,1.794,0.136674,-3.26804175788659
6.152,1.482,0.138312,-3.26332936890623
6.156608,1.144,0.140184,-3.26018777625264
6.161088,0.962,0.1422,-3.25704618359907
6.165568,0.494,0.144324,-3.2515483964553
6.169984,0.182,0.146538,-3.24762140563832
6.174464,-0.078,0.148698,-3.24369441482135
6.179008,-0.364,0.150768,-3.23741122951419
6.183616,-0.702,0.152694,-3.23426963686061
6.188288,-1.118,0.154404,-3.23034264604363
6.193088,-1.456,0.155718,-3.22798645155345
6.197824,-1.768,0.156636,-3.22641565522666
6.202624,-1.716,0.15714,-3.22327406257308
6.20736,-1.82,0.15714,-3.22327406257308
6.21216,-1.846,0.156618,-3.22484485889987
6.216896,-1.768,0.155718,-3.22563025706327
6.221696,-1.638,0.154512,-3.22877184971685
6.226496,-1.404,0.152892,-3.23112804420703
6.231232,-1.222,0.15102,-3.235055035024
6.235904,-0.754,0.149076,-3.23898202584098
6.240512,-0.416,0.147006,-3.24133822033117
6.244928,0,0.144972,-3.24762140563832
6.249216,0.312,0.143136,-3.24997760012851
6.253632,0.676,0.14139,-3.2515483964553
6.258176,1.092,0.139788,-3.25626078543567
6.262784,1.326,0.138528,-3.25626078543567
6.267392,1.612,0.137664,-3.25861697992585
6.271936,1.664,0.137178,-3.25940237808925
6.276544,1.95,0.137214,-3.25704618359907
6.281152,2.028,0.13761,-3.25626078543567
6.28576,1.536,0.138438,-3.25311919278209
6.290368,1.638,0.13968,-3.24762140563832
6.294976,1.664,0.141174,-3.24605060931154
6.299584,1.326,0.142992,-3.24055282216777
6.304128,0.884,0.145044,-3.23269884053382
6.308608,0.728,0.147114,-3.22955724788024
6.313024,0.156,0.149238,-3.22248866440968
6.317504,-0.104,0.151434,-3.21542008093913
6.322112,-0.39,0.153504,-3.21227848828555
6.32672,-0.936,0.155322,-3.205209904815
6.331456,-1.066,0.15696,-3.20049751583463
6.336192,-1.352,0.158328,-3.19735592318104
6.340992,-1.612,0.159138,-3.19107273787389
6.345728,-1.69,0.159444,-3.19107273787389
6.350528,-1.976,0.159318,-3.1887165433837
6.355264,-1.82,0.158814,-3.18714574705691
6.360064,-1.794,0.157842,-3.1895019415471
6.364864,-1.56,0.156438,-3.19028733971049
6.3696,-1.352,0.154746,-3.19185813603728
6.3744,-1.196,0.152838,-3.19499972869086
6.379072,-0.572,0.150768,-3.19735592318104
6.38368,-0.286,0.14868,-3.20049751583463
6.38816,0.026,0.146556,-3.20363910848821
6.392512,0.416,0.144684,-3.205209904815
6.396928,0.806,0.142938,-3.20678070114179
6.401472,1.092,0.141372,-3.20913689563197
6.40608,1.482,0.140184,-3.20913689563197
6.410688,1.69,0.139392,-3.20835149746857
6.415296,1.768,0.139032,-3.20835149746857
6.41984,1.872,0.139104,-3.20599530297839
6.424448,1.924,0.139644,-3.20206831216141
6.429056,1.716,0.14058,-3.19971211767123
6.433664,1.664,0.141876,-3.19421433052746
6.438272,1.456,0.143514,-3.1879311452203
6.44288,1.118,0.145386,-3.18243335807654
6.44736,0.806,0.147366,-3.17693557093278
6.45184,0.312,0.149454,-3.17065238562561
6.456256,0.13,0.151524,-3.16279840399166
6.460736,-0.234,0.15354,-3.1573006168479
6.465344,-0.624,0.155448,-3.15101743154074
6.470016,-1.092,0.15714,-3.14473424623358
6.474816,-1.378,0.15858,-3.14002185725321
6.479616,-1.508,0.159534,-3.13530946827284
6.484352,-1.872,0.160002,-3.13216787561926
6.489152,-1.586,0.160038,-3.12981168112907
6.493888,-1.846,0.159624,-3.12824088480229
6.498688,-2.048,0.158706,-3.12824088480229
6.503424,-1.586,0.15741,-3.12902628296568
6.508224,-1.482,0.155808,-3.13059707929247
6.513024,-1.144,0.153936,-3.13138247745586
6.517696,-0.858,0.151884,-3.13295327378265
6.522304,-0.286,0.149778,-3.13688026459963
6.526784,-0.026,0.147708,-3.13923645908981
6.5312,0.364,0.145728,-3.14080725541661
6.53568,0.78,0.143928,-3.14316344990679
6.54016,1.092,0.142326,-3.14394884807019
6.544768,1.3,0.141012,-3.14551964439697
6.549376,1.508,0.14013,-3.14473424623358
6.553984,1.742,0.139662,-3.14316344990679
6.558592,1.768,0.139626,-3.14237805174339
6.5632,1.95,0.140058,-3.13923645908981
6.567744,1.924,0.14094,-3.13530946827284
6.572352,1.69,0.142146,-3.13138247745586
6.57696,1.28,0.143694,-3.1250992921487
6.581568,1.118,0.145494,-3.11960150500494
6.586112,0.884,0.147384,-3.11410371786117
6.590528,0.312,0.149346,-3.10782053255401
6.59488,0.026,0.151272,-3.10075194908346
6.599296,-0.156,0.15318,-3.09603956010309
6.603904,-0.598,0.154998,-3.08818557846914
6.608576,-0.988,0.156564,-3.08425858765217
6.613248,-1.248,0.157878,-3.0787608005084
6.618048,-1.56,0.158814,-3.07326301336464
6.622848,-1.742,0.159192,-3.07169221703785
6.627584,-1.95,0.159102,-3.07090681887445
6.632384,-2.002,0.158562,-3.06933602254766
6.63712,-1.872,0.157608,-3.06933602254766
6.64192,-1.638,0.15624,-3.07169221703785
6.646656,-1.248,0.154548,-3.07404841152803
6.651456,-1.066,0.152604,-3.07483380969143
6.656128,-0.624,0.150534,-3.07719000418161
6.660736,-0.338,0.14841,-3.08111699499858
6.66528,-0.052,0.14625,-3.08504398581556
6.669696,0.256,0.144306,-3.08661478214235
6.674112,0.832,0.142506,-3.08818557846914
6.678656,1.04,0.140886,-3.09132717112272
6.6832,1.43,0.139626,-3.09211256928611
6.687808,1.716,0.13878,-3.09132717112272
6.692416,1.846,0.138348,-3.09289796744951
6.697024,1.792,0.138348,-3.09054177295932
6.701632,1.536,0.138816,-3.08740018030575
6.70624,1.846,0.139626,-3.08582938397896
6.710848,1.794,0.140814,-3.08190239316198
6.715456,1.404,0.142326,-3.07719000418161
6.72,0.988,0.144036,-3.07169221703785
6.72448,0.676,0.145836,-3.06855062438426
6.728896,0.256,0.147708,-3.0630528372405
6.733312,-0.026,0.149544,-3.05676965193334
6.737856,-0.512,0.15129,-3.05284266111637
6.742464,-0.832,0.152874,-3.04813027213599
6.747136,-1.222,0.154224,-3.04341788315562
6.751936,-1.534,0.155196,-3.04106168866544
6.756672,-1.768,0.1557,-3.03870549417525
6.761472,-1.742,0.155772,-3.03792009601186
6.766208,-1.846,0.155358,-3.03713469784846
6.771008,-1.768,0.154512,-3.03792009601186
6.775744,-1.794,0.153234,-3.04106168866544
6.780544,-1.586,0.151632,-3.04341788315562
6.785344,-1.28,0.14976,-3.04498867948241
6.790016,-0.832,0.147672,-3.05048646662618
6.794624,-0.338,0.145494,-3.05519885560655
6.799104,-0.13,0.14337,-3.05834044826013
6.803648,0.26,0.141264,-3.0630528372405
6.808064,0.728,0.139356,-3.06619442989408
6.812608,1.118,0.137646,-3.06776522622087
6.817152,1.352,0.136224,-3.07169221703785
6.82176,1.638,0.135198,-3.07404841152803
6.826368,1.794,0.134658,-3.07404841152803
6.830976,1.846,0.134514,-3.07404841152803
6.835584,1.95,0.134838,-3.07404841152803
6.840192,1.768,0.13563,-3.07090681887445
6.8448,1.586,0.136746,-3.06933602254766
6.849408,1.404,0.138168,-3.06619442989408
6.853952,1.092,0.139878,-3.06148204091371
6.858496,0.702,0.141696,-3.05912584642352
6.862912,0.338,0.143532,-3.05519885560655
6.867456,-0.052,0.145458,-3.04970106846279
6.871936,-0.416,0.147222,-3.04813027213599
6.876544,-0.858,0.14877,-3.04341788315562
6.88128,-1.118,0.150156,-3.04027629050204
6.886016,-1.43,0.151164,-3.03870549417525
6.890816,-1.638,0.151722,-3.03634929968507
6.895552,-1.898,0.151848,-3.03713469784846
6.900352,-1.82,0.151506,-3.03870549417525
6.905088,-1.69,0.150714,-3.04027629050204
6.909888,-1.716,0.149562,-3.04341788315562
6.914688,-1.534,0.148014,-3.04655947580921
6.919424,-1.3,0.146196,-3.05127186478957
6.924096,-0.754,0.144234,-3.05598425376994
6.928704,-0.39,0.142164,-3.06148204091371
6.933248,-0.078,0.140058,-3.06776522622087
6.937664,0.256,0.138096,-3.07090681887445
6.94208,0.728,0.136296,-3.07561920785482
6.946624,1.17,0.134676,-3.08033159683519
6.951232,1.352,0.13338,-3.08190239316198
6.955776,1.586,0.132516,-3.08425858765217
6.960384,1.82,0.132048,-3.08818557846914
6.964992,1.792,0.132084,-3.08740018030575
6.9696,1.872,0.132498,-3.08818557846914
6.974208,1.742,0.133308,-3.08740018030575
6.978816,1.664,0.134514,-3.08504398581556
6.983424,1.326,0.135954,-3.08425858765217
6.987968,0.988,0.137628,-3.08111699499858
6.992448,0.52,0.13941,-3.07797540234501
6.996864,0.234,0.141228,-3.07640460601821
7.001344,-0.026,0.143028,-3.07326301336464
7.005888,-0.52,0.144774,-3.06933602254766
7.010496,-0.884,0.146232,-3.06855062438426
7.015168,-1.248,0.147456,-3.06697982805747
7.019968,-1.534,0.14841,-3.06462363356729
7.024704,-1.768,0.148824,-3.06619442989408
7.029504,-1.898,0.148752,-3.06697982805747
7.03424,-1.95,0.148266,-3.07012142071105
7.03904,-1.69,0.147402,-3.07247761520124
7.04384,-1.586,0.146088,-3.07483380969143
7.048576,-1.326,0.144468,-3.08190239316198
7.053376,-0.936,0.142596,-3.08661478214235
7.057984,-0.546,0.140652,-3.0936833656129
7.062592,-0.286,0.138582,-3.09996655092007
7.067072,0.026,0.136584,-3.10389354173704
7.071424,0.546,0.134802,-3.1101767270442
7.07584,0.884,0.133128,-3.11488911602457
7.080384,1.196,0.131778,-3.11803070867815
7.084992,1.482,0.130716,-3.12352849582192
7.089536,1.664,0.130104,-3.12431389398531
7.094144,1.872,0.129996,-3.1258846903121
7.098752,1.846,0.130266,-3.12902628296568
7.10336,1.742,0.13104,-3.12745548663889
7.107968,1.716,0.132192,-3.1266700884755
7.112576,1.482,0.133632,-3.1266700884755
7.117184,1.04,0.135378,-3.12352849582192
7.121664,0.78,0.137214,-3.12117230133173
7.12608,0.312,0.139086,-3.11881610684154
7.13056,0.026,0.140994,-3.11645991235136
7.134976,-0.364,0.14283,-3.11410371786117
7.139584,-0.858,0.144486,-3.1109621252076
7.144256,-1.144,0.145944,-3.1101767270442
7.149056,-1.508,0.147078,-3.1109621252076
7.153792,-1.638,0.147762,-3.10860593071741
7.158592,-1.846,0.148014,-3.1109621252076
7.163328,-1.794,0.14778,-3.11331831969778
7.168128,-2.048,0.147078,-3.11567451418796
7.172864,-1.638,0.14607,-3.12038690316833
7.177664,-1.352,0.14472,-3.12431389398531
7.182464,-1.196,0.14301,-3.12981168112907
7.187136,-0.52,0.14121,-3.13688026459963
7.191744,-0.26,0.139392,-3.14002185725321
7.19616,0,0.137556,-3.14787583888716
7.200384,0.468,0.135864,-3.15415902419432
7.204864,0.884,0.13437,-3.15572982052111
7.209344,1.118,0.133092,-3.15887141317469
7.213952,1.508,0.132048,-3.16672539480864
7.21856,1.664,0.131526,-3.16672539480864
7.223168,1.794,0.131436,-3.16908158929882
7.227776,1.95,0.13176,-3.17143778378901
7.23232,1.924,0.13257,-3.16986698746222
7.236928,1.69,0.133704,-3.16986698746222
7.241536,1.404,0.13518,-3.16829619113543
7.246144,1.196,0.136908,-3.16593999664525
7.250688,0.832,0.138744,-3.16436920031845
7.255104,0.442,0.140688,-3.16122760766487
7.25952,-0.026,0.14265,-3.15965681133809
7.264064,-0.338,0.144522,-3.1573006168479
7.268672,-0.832,0.146232,-3.15415902419432
7.273344,-1.118,0.147744,-3.15337362603092
7.27808,-1.43,0.148968,-3.15101743154074
7.28288,-1.742,0.149652,-3.15180282970414
7.287616,-1.794,0.149832,-3.15337362603092
7.292416,-1.95,0.14958,-3.15415902419432
7.297216,-2.048,0.148914,-3.1580860150113
7.301952,-1.508,0.147798,-3.16201300582827
7.306752,-1.404,0.146394,-3.16672539480864
7.311488,-0.988,0.14472,-3.17143778378901
7.316096,-0.78,0.142866,-3.17615017276938
7.320704,-0.286,0.140976,-3.18243335807654
7.325248,0.078,0.13914,-3.1879311452203
7.3296,0.598,0.137448,-3.19185813603728
7.334016,0.91,0.135954,-3.19735592318104
7.338496,1.274,0.134676,-3.19971211767123
7.343104,1.508,0.133794,-3.20363910848821
7.347712,1.872,0.13329,-3.20678070114179
7.35232,1.924,0.133254,-3.20678070114179
7.356928,1.792,0.13365,-3.20756609930518
7.361536,1.69,0.134406,-3.20835149746857
7.366144,1.716,0.135594,-3.20678070114179
7.370688,1.404,0.137052,-3.205209904815
7.375296,0.91,0.138744,-3.20285371032481
7.379712,0.572,0.140562,-3.20049751583463
7.384192,0.338,0.142416,-3.19735592318104
7.388672,-0.078,0.144306,-3.19342893236407
7.393216,-0.52,0.146088,-3.19107273787389
7.397888,-0.962,0.147636,-3.1895019415471
7.40256,-1.248,0.14895,-3.18636034889351
7.40736,-1.482,0.149922,-3.18636034889351
7.412096,-1.976,0.1503,-3.18714574705691
7.416896,-1.69,0.150246,-3.18714574705691
7.421696,-1.95,0.149778,-3.1887165433837
7.426432,-1.794,0.148878,-3.19185813603728
7.431232,-1.638,0.147582,-3.19499972869086
7.435968,-1.28,0.145998,-3.19971211767123
7.44064,-0.936,0.144252,-3.20285371032481
7.445248,-0.468,0.142362,-3.20835149746857
7.449728,0,0.140508,-3.21542008093913
7.453952,0.312,0.138816,-3.21777627542931
7.458368,0.832,0.137196,-3.22248866440968
7.462912,1.144,0.135756,-3.22720105339005
7.46752,1.482,0.134694,-3.22720105339005
7.472128,1.742,0.134046,-3.22955724788024
7.476672,2.028,0.133776,-3.23191344237043
7.48128,1.82,0.134046,-3.23034264604363
7.485888,1.872,0.134676,-3.23034264604363
7.490496,1.794,0.135702,-3.22955724788024
7.495104,1.482,0.137124,-3.22563025706327
7.499712,1.092,0.13878,-3.22327406257308
7.504192,0.832,0.14058,-3.2201324699195
7.508672,0.442,0.14247,-3.21542008093913
7.513088,0.026,0.144342,-3.21227848828555
7.517504,-0.39,0.14616,-3.20913689563197
7.522112,-0.858,0.14778,-3.205209904815
7.526784,-1.248,0.149184,-3.20285371032481
7.531584,-1.456,0.150264,-3.20049751583463
7.53632,-1.768,0.150822,-3.19892671950783
7.54112,-1.82,0.15093,-3.19814132134444
7.54592,-1.872,0.150588,-3.19892671950783
7.550656,-1.742,0.149796,-3.20049751583463
7.555456,-1.82,0.148644,-3.20363910848821
7.560192,-1.274,0.147168,-3.20678070114179
7.564928,-0.832,0.14553,-3.20992229379536
7.569472,-0.39,0.143748,-3.21306388644894
7.57408,-0.13,0.141858,-3.21856167359271
7.578624,0.208,0.14013,-3.22091786808289
7.58304,0.728,0.138564,-3.22248866440968
7.587584,1.196,0.137178,-3.22641565522666
7.592192,1.378,0.136116,-3.22798645155345
7.596736,1.664,0.135522,-3.22720105339005
7.601344,1.846,0.135306,-3.22955724788024
7.605952,1.95,0.135576,-3.22798645155345
7.61056,1.82,0.136332,-3.22563025706327
7.615168,1.768,0.137412,-3.22327406257308
7.619776,1.43,0.138852,-3.2201324699195
7.624384,1.222,0.14058,-3.21463468277574
7.628864,0.512,0.142416,-3.21070769195876
7.633344,0.338,0.144324,-3.20678070114179
7.637824,0,0.14625,-3.20128291399802
7.642176,-0.416,0.147996,-3.19892671950783
7.646848,-0.988,0.149706,-3.19185813603728
7.651584,-1.196,0.151092,-3.1895019415471
7.65632,-1.586,0.152118,-3.18714574705691
7.66112,-1.664,0.152712,-3.18243335807654
7.665856,-1.898,0.152874,-3.18243335807654
7.670656,-1.872,0.152496,-3.18321875623994
7.675456,-1.82,0.151722,-3.18321875623994
7.680192,-1.456,0.150678,-3.18400415440333
7.684992,-1.066,0.149292,-3.18636034889351
7.689664,-0.91,0.147654,-3.1895019415471
7.694272,-0.286,0.145998,-3.19185813603728
7.698688,-0.026,0.14436,-3.19342893236407
7.703104,0.39,0.14274,-3.19735592318104
7.70752,0.91,0.141282,-3.19892671950783
7.712064,1.17,0.140148,-3.19892671950783
7.716672,1.638,0.139266,-3.19892671950783
7.72128,1.768,0.138816,-3.20049751583463
7.725888,1.768,0.138816,-3.19892671950783
7.730432,1.82,0.139266,-3.19578512685425
7.73504,1.794,0.140094,-3.19499972869086
7.739648,1.794,0.1413,-3.19028733971049
7.744256,1.43,0.142848,-3.18636034889351
7.748864,1.014,0.14463,-3.18007716358636
7.753344,0.676,0.146484,-3.17693557093278
7.757824,0.234,0.148338,-3.17065238562561
7.762304,-0.182,0.150264,-3.16515459848185
7.766912,-0.624,0.152028,-3.16122760766487
7.771584,-1.092,0.153504,-3.1565152186845
7.776384,-1.404,0.154692,-3.15101743154074
7.781184,-1.716,0.155466,-3.14866123705055
7.78592,-1.742,0.155736,-3.14709044072377
7.79072,-1.924,0.155538,-3.14551964439697
7.795456,-1.768,0.15489,-3.14551964439697
7.800256,-1.846,0.153828,-3.14551964439697
7.804992,-1.274,0.152424,-3.14866123705055
7.809728,-0.884,0.150804,-3.15023203337734
7.814336,-0.768,0.149094,-3.15101743154074
7.818944,-0.208,0.14724,-3.15572982052111
7.823424,0.234,0.14544,-3.1580860150113
7.82784,0.702,0.143892,-3.1580860150113
7.832384,1.092,0.142452,-3.16122760766487
7.836992,1.352,0.141318,-3.16279840399166
7.8416,1.742,0.140652,-3.16122760766487
7.846144,1.898,0.140382,-3.16122760766487
7.850752,1.898,0.140562,-3.15965681133809
7.85536,1.872,0.14121,-3.1565152186845
7.859968,1.768,0.142218,-3.15337362603092
7.864576,1.378,0.14355,-3.14866123705055
7.869184,1.092,0.145116,-3.14473424623358
7.873664,0.65,0.146844,-3.14080725541661
7.878144,0.208,0.148572,-3.13373867194605
7.882624,-0.078,0.150354,-3.12981168112907
7.887168,-0.52,0.151938,-3.1250992921487
7.89184,-1.28,0.153414,-3.11881610684154
7.896576,-1.274,0.154602,-3.11645991235136
7.901376,-1.664,0.15525,-3.11410371786117
7.906176,-1.872,0.155466,-3.1101767270442
7.910912,-2.048,0.155322,-3.1101767270442
7.915712,-1.846,0.154656,-3.1109621252076
7.920448,-1.794,0.153558,-3.1109621252076
7.925248,-1.378,0.152172,-3.11331831969778
7.930048,-0.962,0.150516,-3.11488911602457
7.934592,-0.624,0.148698,-3.11724531051475
7.9392,-0.156,0.146808,-3.12117230133173
7.943744,0.156,0.145008,-3.12274309765852
7.94816,0.676,0.143334,-3.12431389398531
7.952704,1.066,0.14184,-3.1266700884755
7.957248,1.378,0.140634,-3.12902628296568
7.961856,1.664,0.139896,-3.12745548663889
7.966464,1.924,0.139554,-3.12824088480229
7.971072,1.82,0.139644,-3.1266700884755
7.97568,1.872,0.140238,-3.12352849582192
7.980288,1.742,0.141192,-3.12117230133173
7.984896,1.508,0.14247,-3.11803070867815
7.989504,1.118,0.144018,-3.11174752337099
7.993984,0.78,0.14571,-3.10782053255401
7.9984,0.208,0.147402,-3.10467893990043
8.002944,-0.234,0.14913,-3.09918115275667
8.007552,-0.624,0.150732,-3.0944687637763
8.012224,-1.04,0.152064,-3.09054177295932
8.017024,-1.482,0.153162,-3.08582938397896
8.02176,-1.612,0.153774,-3.08582938397896
8.02656,-1.82,0.153882,-3.08347318948877
8.031296,-1.872,0.153558,-3.08268779132537
8.036096,-1.82,0.152856,-3.08347318948877
8.040832,-1.56,0.15174,-3.08425858765217
8.045632,-1.196,0.150246,-3.08740018030575
8.050304,-1.066,0.148554,-3.08975637479593
8.05504,-0.468,0.146772,-3.09289796744951
8.059456,-0.026,0.145008,-3.09603956010309
8.063872,0.286,0.143226,-3.09839575459328
8.068288,0.62,0.141678,-3.10075194908346
8.072832,1.04,0.140274,-3.10389354173704
8.07744,1.534,0.139194,-3.10389354173704
8.081984,1.846,0.138582,-3.10389354173704
8.086592,1.82,0.138294,-3.10546433806383
8.0912,1.69,0.138564,-3.10310814357364
8.095808,1.82,0.139176,-3.10075194908346
8.100416,1.536,0.140166,-3.09918115275667
8.105024,1.248,0.141498,-3.0952541619397
8.109504,0.754,0.142992,-3.09211256928611
8.113984,0.52,0.144594,-3.08818557846914
8.118272,0.13,0.146196,-3.08504398581556
8.122816,-0.286,0.14778,-3.08033159683519
8.127424,-0.754,0.149256,-3.07719000418161
8.132096,-1.144,0.150444,-3.07404841152803
8.136896,-1.43,0.151272,-3.07247761520124
8.141632,-1.716,0.151686,-3.07012142071105
8.146432,-1.898,0.151668,-3.06933602254766
8.151232,-1.872,0.151128,-3.07090681887445
8.155968,-1.794,0.150228,-3.07169221703785
8.160768,-1.638,0.149004,-3.07404841152803
8.165504,-1.28,0.14742,-3.07719000418161
8.17024,-0.78,0.145638,-3.08033159683519
8.174784,-0.26,0.143874,-3.08425858765217
8.179264,-0.052,0.142038,-3.08897097663253
8.18368,0.494,0.140346,-3.09132717112272
8.18816,1.04,0.138834,-3.0936833656129
8.192768,1.274,0.137538,-3.09761035642988
8.197376,1.638,0.136674,-3.09918115275667
8.201984,1.82,0.136206,-3.09839575459328
8.206592,1.846,0.136224,-3.09918115275667
8.2112,1.95,0.136692,-3.09839575459328
8.215808,1.794,0.137574,-3.09603956010309
8.220416,1.404,0.13878,-3.0944687637763
8.22496,1.04,0.14022,-3.09132717112272
8.229504,0.512,0.141822,-3.08818557846914
8.23392,0.286,0.143442,-3.08582938397896
8.238464,-0.208,0.145098,-3.08190239316198
8.243072,-0.572,0.146592,-3.07954619867179
8.247744,-0.936,0.147924,-3.07561920785482
8.252416,-1.404,0.148986,-3.07326301336464
8.257216,-1.664,0.149508,-3.07404841152803
8.261952,-1.872,0.149562,-3.07247761520124
8.266752,-1.95,0.149202,-3.07326301336464
8.271488,-1.768,0.14841,-3.07640460601821
8.276288,-1.69,0.147204,-3.0787608005084
8.281088,-1.092,0.145692,-3.08268779132537
8.28576,-0.988,0.144018,-3.08661478214235
8.290368,-0.468,0.142164,-3.09132717112272
8.294784,0,0.140382,-3.09603956010309
8.299008,0.338,0.138744,-3.09839575459328
8.303488,0.858,0.137196,-3.10232274541025
8.307968,1.248,0.135828,-3.10624973622722
8.312576,1.508,0.134856,-3.10782053255401
8.317184,1.794,0.13437,-3.10860593071741
8.321792,1.924,0.134208,-3.11174752337099
8.3264,1.82,0.134604,-3.1101767270442
8.331008,1.716,0.135414,-3.10860593071741
8.335552,1.586,0.13653,-3.10860593071741
8.34016,1.3,0.137934,-3.10624973622722
8.344704,0.702,0.139536,-3.10232274541025
8.34912,0.468,0.141192,-3.10075194908346
8.353664,-0.052,0.142866,-3.09761035642988
8.358144,-0.494,0.14445,-3.0944687637763
8.362816,-1.066,0.145818,-3.09289796744951
8.367616,-1.378,0.146916,-3.09054177295932
8.372352,-1.69,0.147654,-3.08975637479593
8.377152,-1.742,0.147852,-3.09054177295932
8.381952,-1.95,0.147636,-3.09132717112272
8.386688,-1.846,0.14697,-3.0944687637763
8.391488,-1.404,0.145962,-3.09682495826648
8.396224,-1.274,0.144612,-3.09918115275667
8.40096,-0.91,0.143028,-3.10546433806383
8.405504,-0.416,0.141354,-3.10939132888081
8.409984,-0.026,0.139716,-3.11331831969778
8.4144,0.468,0.138078,-3.11881610684154
8.418816,0.858,0.13671,-3.12117230133173
8.42336,1.196,0.135522,-3.1250992921487
8.427904,1.638,0.134676,-3.12745548663889
8.432512,1.792,0.134298,-3.12824088480229
8.43712,1.82,0.134316,-3.12981168112907
8.441728,1.924,0.13482,-3.12981168112907
8.446336,1.794,0.13572,-3.12824088480229
8.450944,1.482,0.136944,-3.12824088480229
8.455552,1.144,0.138456,-3.1258846903121
8.460032,0.728,0.140148,-3.12195769949512
8.464448,0.364,0.141822,-3.12195769949512
8.468992,-0.078,0.143514,-3.11724531051475
8.473536,-0.624,0.145152,-3.11488911602457
8.478208,-0.936,0.14652,-3.11410371786117
8.48288,-1.43,0.1476,-3.11174752337099
8.48768,-1.638,0.148356,-3.11174752337099
8.492416,-1.794,0.148572,-3.11253292153438
8.497216,-2.048,0.148284,-3.11410371786117
8.501952,-1.742,0.147618,-3.11645991235136
8.506752,-1.534,0.146628,-3.11960150500494
8.511488,-1.222,0.145278,-3.12352849582192
8.516224,-0.832,0.143712,-3.12902628296568
8.520832,-0.39,0.14211,-3.13295327378265
8.525312,0.052,0.140508,-3.13845106092642
8.529664,0.676,0.138978,-3.14237805174339
8.534208,0.884,0.1377,-3.14473424623358
8.538688,1.326,0.136638,-3.14944663521395
8.543296,1.612,0.135972,-3.15101743154074
8.547904,1.742,0.135774,-3.15101743154074
8.552512,1.872,0.135954,-3.15337362603092
8.55712,1.872,0.136674,-3.15180282970414
8.561664,1.742,0.137736,-3.15101743154074
8.566272,1.326,0.139086,-3.15101743154074
8.57088,1.066,0.140706,-3.14709044072377
8.575424,0.728,0.142452,-3.14473424623358
8.579776,0.182,0.144126,-3.14237805174339
8.584256,-0.182,0.145836,-3.14002185725321
8.588864,-0.78,0.147402,-3.13845106092642
8.593536,-1.222,0.148734,-3.13609486643624
8.598336,-1.482,0.149742,-3.13530946827284
8.603136,-1.768,0.15021,-3.13609486643624
8.607872,-1.716,0.15021,-3.13609486643624
8.612672,-1.924,0.149832,-3.13845106092642
8.617408,-1.716,0.148986,-3.14159265358
8.622208,-1.404,0.147726,-3.14551964439697
8.62688,-1.04,0.146304,-3.14866123705055
8.631552,-0.598,0.144738,-3.15415902419432
8.63616,-0.052,0.14301,-3.1580860150113
8.640576,0.312,0.141426,-3.16279840399166
8.645056,0.884,0.140022,-3.16593999664525
8.649536,1.248,0.138798,-3.16986698746222
8.654144,1.534,0.137916,-3.1730085801158
8.658752,1.82,0.137448,-3.17457937644259
8.66336,1.924,0.137466,-3.17457937644259
8.667968,1.846,0.137808,-3.17693557093278
8.672576,1.69,0.1386,-3.17536477460599
8.67712,1.534,0.139752,-3.17379397827919
8.681728,1.17,0.141102,-3.1730085801158
8.686272,0.78,0.142632,-3.17143778378901
8.690688,0.286,0.144234,-3.16672539480864
8.695232,-0.026,0.145818,-3.16593999664525
8.699712,-0.702,0.14724,-3.16358380215506
8.704448,-1.014,0.148518,-3.16122760766487
8.709184,-1.404,0.14949,-3.16122760766487
8.713984,-1.638,0.14994,-3.16044220950148
8.71872,-1.794,0.149958,-3.16122760766487
8.72352,-1.846,0.149526,-3.16358380215506
8.728256,-1.716,0.148662,-3.16515459848185
8.733056,-1.534,0.14742,-3.16986698746222
8.737856,-0.91,0.14589,-3.17379397827919
8.742464,-1.024,0.14427,-3.17772096909617
8.747136,-0.052,0.142488,-3.18321875623994
8.751552,0.338,0.140832,-3.18714574705691
8.755968,0.754,0.139338,-3.1895019415471
8.760512,1.144,0.138024,-3.19264353420068
8.76512,1.508,0.137052,-3.19657052501765
8.769664,1.846,0.136512,-3.19735592318104
8.774272,1.82,0.136386,-3.19814132134444
8.77888,1.924,0.13671,-3.19971211767123
8.783488,1.924,0.137484,-3.19735592318104
8.788096,1.508,0.1386,-3.19578512685425
8.792704,1.118,0.139968,-3.19499972869086
8.797184,0.728,0.141516,-3.19185813603728
8.801664,0.26,0.143118,-3.1879311452203
8.806144,-0.13,0.144702,-3.18636034889351
8.810752,-0.65,0.14616,-3.18400415440333
8.815424,-1.092,0.14742,-3.18086256174975
8.820224,-1.536,0.148446,-3.17929176542296
8.82496,-1.716,0.14895,-3.17929176542296
8.82976,-1.872,0.14895,-3.17929176542296
8.83456,-1.976,0.148536,-3.18007716358636
8.839296,-1.612,0.14778,-3.18164795991314
8.844096,-1.586,0.146592,-3.18557495073012
8.848832,-1.092,0.14508,-3.1895019415471
8.853504,-0.832,0.143478,-3.19264353420068
8.858112,-0.052,0.141786,-3.19578512685425
8.862592,0.338,0.140166,-3.20049751583463
8.867008,0.806,0.138708,-3.20285371032481
8.871488,1.222,0.137484,-3.205209904815
8.876096,1.43,0.136548,-3.20835149746857
8.880704,1.794,0.136098,-3.20835149746857
8.885312,1.898,0.13608,-3.20835149746857
8.88992,1.924,0.136476,-3.20835149746857
8.894528,1.846,0.137358,-3.20599530297839
8.899136,1.28,0.138546,-3.20363910848821
8.90368,1.066,0.139986,-3.20128291399802
8.908224,0.728,0.141606,-3.19735592318104
8.91264,0.182,0.143244,-3.19499972869086
8.917184,-0.234,0.144882,-3.19107273787389
8.921792,-0.806,0.146376,-3.18714574705691
8.926464,-1.066,0.147636,-3.18400415440333
8.931264,-1.534,0.148644,-3.18243335807654
8.936,-1.716,0.149094,-3.18164795991314
8.9408,-1.898,0.149076,-3.18086256174975
8.945536,-1.898,0.148644,-3.18086256174975
8.950336,-1.534,0.147852,-3.18243335807654
8.955072,-1.456,0.146646,-3.18557495073012
8.959808,-0.884,0.145206,-3.1879311452203
8.964416,-0.624,0.143694,-3.19107273787389
8.968896,-0.078,0.142128,-3.19342893236407
8.973312,0.312,0.140616,-3.19657052501765
8.977856,0.936,0.139266,-3.19892671950783
8.982336,1.248,0.138186,-3.19892671950783
8.986944,1.612,0.137448,-3.20128291399802
8.991552,1.898,0.13716,-3.20128291399802
8.99616,1.872,0.137304,-3.20049751583463
9.000768,1.846,0.137844,-3.19971211767123
9.005376,1.586,0.138798,-3.19578512685425
9.009984,1.378,0.140058,-3.19342893236407
9.014464,0.988,0.141462,-3.19185813603728
9.01888,0.624,0.143028,-3.18636034889351
9.023232,0.156,0.144612,-3.18243335807654
9.027776,-0.364,0.146106,-3.17929176542296
9.032384,-0.858,0.147456,-3.17457937644259
9.037056,-1.378,0.148626,-3.1722231819524
9.041856,-1.586,0.149346,-3.17065238562561
9.046592,-1.898,0.149544,-3.16829619113543
9.051392,-1.872,0.149328,-3.16751079297204
9.056128,-1.82,0.148698,-3.16908158929882
9.060928,-1.56,0.147636,-3.17065238562561
9.065664,-1.144,0.146286,-3.1730085801158
9.0704,-0.806,0.144738,-3.17457937644259
9.074944,-0.364,0.143118,-3.17693557093278
9.079488,0.208,0.14148,-3.18007716358636
9.083904,0.598,0.140004,-3.18243335807654
9.088448,1.014,0.138726,-3.18321875623994
9.093056,1.56,0.137718,-3.18478955256672
9.097664,1.82,0.137142,-3.18557495073012
9.102208,1.846,0.136998,-3.18400415440333
9.106816,1.794,0.137286,-3.18400415440333
9.111424,1.794,0.13797,-3.18086256174975
9.116032,1.534,0.13905,-3.17693557093278
9.12064,1.066,0.140328,-3.17536477460599
9.12512,0.624,0.141786,-3.17143778378901
9.1296,0.208,0.143316,-3.16593999664525
9.13408,-0.13,0.144846,-3.16279840399166
9.138688,-0.754,0.146196,-3.15965681133809
9.14336,-1.144,0.147348,-3.15494442235771
9.14816,-1.508,0.148248,-3.15258822786753
9.15296,-1.716,0.148626,-3.15023203337734
9.157696,-2.054,0.148536,-3.14944663521395
9.162496,-2.048,0.148014,-3.14944663521395
9.167232,-1.56,0.14715,-3.14944663521395
9.172032,-1.248,0.145908,-3.15180282970414
9.176704,-0.806,0.144468,-3.15337362603092
9.181312,-0.494,0.142938,-3.15494442235771
9.185728,0,0.141372,-3.1573006168479
9.190016,0.52,0.13995,-3.15965681133809
9.194496,1.04,0.138654,-3.15965681133809
9.199104,1.28,0.137592,-3.16201300582827
9.203712,1.638,0.136908,-3.16279840399166
9.20832,1.768,0.136728,-3.16044220950148
9.212928,1.872,0.136908,-3.16044220950148
9.217536,1.898,0.13752,-3.1580860150113
9.222144,1.56,0.138564,-3.15337362603092
9.226688,1.17,0.139752,-3.15101743154074
9.231232,0.91,0.141192,-3.14709044072377
9.235648,0.364,0.14274,-3.14159265358
9.240192,-0.026,0.144252,-3.13845106092642
9.244672,-0.624,0.145638,-3.13452407010945
9.249408,-1.066,0.146844,-3.12981168112907
9.254144,-1.536,0.147816,-3.12745548663889
9.258944,-1.664,0.14832,-3.1258846903121
9.26368,-1.976,0.148338,-3.12431389398531
9.26848,-1.898,0.147924,-3.12352849582192
9.273216,-1.612,0.147168,-3.12352849582192
9.278016,-1.274,0.146016,-3.1250992921487
9.282688,-0.858,0.144594,-3.12745548663889
9.287296,-0.546,0.1431,-3.12902628296568
9.291712,0.026,0.141588,-3.13138247745586
9.296064,0.416,0.140112,-3.13373867194605
9.300608,0.858,0.138798,-3.13452407010945
9.305088,1.378,0.137772,-3.13609486643624
9.309696,1.69,0.137034,-3.13688026459963
9.314304,1.768,0.136836,-3.13452407010945
9.318912,1.898,0.136962,-3.13373867194605
9.32352,1.794,0.137556,-3.13295327378265
9.328128,1.508,0.138528,-3.12745548663889
9.332736,1.196,0.139734,-3.1258846903121
9.337216,0.858,0.141138,-3.12195769949512
9.341632,0.312,0.14265,-3.11645991235136
9.346176,-0.052,0.144162,-3.11331831969778
9.350656,-0.624,0.145548,-3.1101767270442
9.355392,-0.988,0.146718,-3.10624973622722
9.360064,-1.508,0.147654,-3.10310814357364
9.3648,-1.664,0.148122,-3.10153734724685
9.3696,-2.132,0.148122,-3.10075194908346
9.3744,-1.872,0.147672,-3.10075194908346
9.379136,-1.82,0.146916,-3.10075194908346
9.383936,-1.3,0.145746,-3.10310814357364
9.388608,-0.884,0.144324,-3.10467893990043
9.393216,-0.416,0.142812,-3.10703513439062
9.397632,0.078,0.141282,-3.10939132888081
9.401984,0.494,0.139806,-3.11174752337099
9.406528,0.988,0.138528,-3.11253292153438
9.411008,1.378,0.137502,-3.11410371786117
9.415616,1.716,0.136818,-3.11567451418796
9.420224,1.846,0.136638,-3.11410371786117
9.424832,1.898,0.136818,-3.11410371786117
9.42944,1.792,0.137448,-3.11174752337099
9.434048,1.534,0.138474,-3.10782053255401
9.438592,1.222,0.139716,-3.10546433806383
9.443136,0.832,0.141174,-3.10310814357364
9.447552,0.286,0.142686,-3.09761035642988
9.452096,-0.156,0.144216,-3.0944687637763
9.456704,-0.832,0.145584,-3.09211256928611
9.461376,-1.092,0.146718,-3.08818557846914
9.466176,-1.56,0.1476,-3.08582938397896
9.470912,-1.792,0.14796,-3.08425858765217
9.475712,-1.976,0.147888,-3.08347318948877
9.480448,-1.924,0.147366,-3.08425858765217
9.485248,-1.534,0.14652,-3.08582938397896
9.489984,-1.222,0.14535,-3.08818557846914
9.49472,-0.78,0.14391,-3.09054177295932
9.499328,-0.416,0.142398,-3.09289796744951
9.503808,0.052,0.140868,-3.0952541619397
9.50816,0.624,0.139464,-3.09918115275667
9.512704,1.04,0.138258,-3.09918115275667
9.517248,1.534,0.13734,-3.10153734724685
9.521856,1.742,0.136782,-3.10232274541025
9.526464,1.846,0.136746,-3.10153734724685
9.531072,2.002,0.13707,-3.10232274541025
9.53568,1.716,0.137826,-3.09918115275667
9.540288,1.404,0.138924,-3.09603956010309
9.544896,1.014,0.140148,-3.0952541619397
9.549376,0.676,0.141624,-3.09132717112272
9.553728,0.156,0.143082,-3.08740018030575
9.558272,-0.312,0.144504,-3.08582938397896
9.562944,-0.936,0.145746,-3.08347318948877
9.567616,-1.43,0.146718,-3.07954619867179
9.572416,-1.664,0.147384,-3.07954619867179
9.577152,-1.82,0.147492,-3.07954619867179
9.581952,-1.846,0.147132,-3.07954619867179
9.586752,-1.742,0.146412,-3.08111699499858
9.591488,-1.536,0.14535,-3.08347318948877
9.596288,-1.118,0.143892,-3.08740018030575
9.60096,-0.702,0.142344,-3.09054177295932
9.605376,-0.026,0.140832,-3.09289796744951
9.609856,0.416,0.139284,-3.09682495826648
9.614272,0.78,0.137916,-3.09996655092007
9.618752,1.28,0.136818,-3.10232274541025
9.62336,1.586,0.136026,-3.10310814357364
9.627968,1.768,0.135702,-3.10389354173704
9.632576,1.872,0.13581,-3.10467893990043
9.637184,1.924,0.136386,-3.10310814357364
9.641792,1.534,0.137322,-3.10232274541025
9.6464,1.222,0.138546,-3.09996655092007
9.65088,0.78,0.139932,-3.09682495826648
9.655296,0.364,0.141408,-3.0944687637763
9.65984,-0.104,0.142866,-3.09289796744951
9.664448,-0.768,0.144216,-3.09054177295932
9.66912,-1.118,0.14535,-3.08818557846914
9.67392,-1.508,0.146106,-3.08582938397896
9.678656,-1.82,0.14643,-3.08582938397896
9.683456,-1.742,0.14634,-3.08818557846914
9.688192,-1.82,0.145782,-3.08818557846914
9.692992,-1.586,0.144918,-3.09132717112272
9.697792,-1.196,0.143694,-3.0952541619397
9.702464,-0.858,0.142236,-3.09839575459328
9.707072,-0.182,0.140778,-3.10153734724685
9.711552,0.286,0.139302,-3.10546433806383
9.715968,0.78,0.138024,-3.10782053255401
9.720512,1.196,0.136944,-3.11253292153438
9.72512,1.56,0.136206,-3.11253292153438
9.729728,1.794,0.135936,-3.11331831969778
9.734336,2.002,0.136044,-3.11567451418796
9.738944,1.716,0.136692,-3.11410371786117
9.743488,1.612,0.137682,-3.11174752337099
9.748096,1.3,0.138942,-3.11174752337099
9.75264,0.832,0.1404,-3.10939132888081
9.757056,0.256,0.141966,-3.10624973622722
9.7616,-0.104,0.143514,-3.10389354173704
9.766208,-0.65,0.144954,-3.10153734724685
9.77088,-1.066,0.146178,-3.10075194908346
9.775616,-1.534,0.14706,-3.09839575459328
9.780416,-1.716,0.147528,-3.09839575459328
9.785216,-1.846,0.147492,-3.10075194908346
9.789952,-1.768,0.147042,-3.10153734724685
9.794752,-1.638,0.146232,-3.10467893990043
9.799488,-1.196,0.145098,-3.10782053255401
9.80416,-0.962,0.143658,-3.11174752337099
9.808768,-0.26,0.142218,-3.11645991235136
9.813312,0.182,0.140742,-3.12038690316833
9.817728,0.806,0.139392,-3.12274309765852
9.822272,1.17,0.138294,-3.1258846903121
9.82688,1.638,0.137484,-3.12824088480229
9.831424,1.82,0.137124,-3.12981168112907
9.836032,2.002,0.137178,-3.13059707929247
9.84064,1.768,0.137646,-3.13216787561926
9.845248,1.638,0.138546,-3.12981168112907
9.849856,1.144,0.13968,-3.12902628296568
9.8544,0.988,0.140994,-3.12902628296568
9.858816,0.39,0.142452,-3.1258846903121
9.863296,-0.104,0.143928,-3.12274309765852
9.867904,-0.624,0.145278,-3.12274309765852
9.872576,-1.28,0.146412,-3.12117230133173
9.877376,-1.612,0.147276,-3.12038690316833
9.882176,-1.768,0.147618,-3.12117230133173
9.886912,-1.924,0.147492,-3.12117230133173
9.891712,-1.82,0.14697,-3.12431389398531
9.896448,-1.508,0.14607,-3.1266700884755
9.901248,-1.274,0.144864,-3.13059707929247
9.90592,-0.728,0.143424,-3.13530946827284
9.910528,-0.13,0.141912,-3.13923645908981
9.915072,0.26,0.140436,-3.14394884807019
9.919488,0.936,0.139122,-3.14709044072377
9.923968,1.222,0.138042,-3.15023203337734
9.928576,1.534,0.137286,-3.15258822786753
9.933184,1.82,0.136962,-3.15415902419432
9.937792,2.054,0.13707,-3.15494442235771
9.9424,1.872,0.137556,-3.1565152186845
9.947008,1.482,0.138474,-3.15415902419432
9.951616,1.118,0.139608,-3.15337362603092
9.956096,0.936,0.140904,-3.15180282970414
9.960576,0.26,0.142326,-3.15101743154074
9.965056,-0.234,0.143712,-3.14787583888716
9.969664,-0.78,0.144936,-3.14787583888716
9.974336,-1.248,0.145908,-3.14630504256037
9.979136,-1.482,0.146592,-3.14551964439697
9.983872,-2.048,0.146826,-3.14630504256037
9.988672,-1.872,0.146556,-3.14866123705055
9.993472,-1.768,0.14589,-3.15023203337734
9.998208,-1.482,0.144936,-3.15258822786753
10.003008,-1.066,0.143694,-3.1573006168479
10.007808,-0.598,0.1422,-3.16201300582827
