time(s),reference current(A),current(A),cart position(m),pendulum angle(rad),target(m)
0.0,-1.298,0.01,-0.002432,-0.0753982236,0.0004
0.014016,-1.358,-1.404,-0.002432,-0.0753982236,0.0008
0.018048,-1.098,-1.383,-0.002688,-0.0753982236,0.0012
0.023872,-1.211,-1.151,-0.002688,-0.0753982236,0.0016
0.02816,-1.552,-1.256,-0.00384,-0.0753982236,0.002
0.03392,-1.68,-1.616,-0.00384,-0.0753982236,0.0024
0.038144,-1.39,-1.763,-0.006016,-0.0753982236,0.0028
0.043968,-1.452,-1.341,-0.006016,-0.0753982236,0.0032
0.048256,-1.046,-1.425,-0.009472,-0.062831853,0.0036
0.054016,-0.351,-1.066,-0.009472,-0.062831853,0.004
0.05824,0.021,-0.369,-0.01376,-0.0502654824,0.0044
0.063744,1.145,0.053,-0.01376,-0.0502654824,0.0048
0.067712,0.955,1.215,-0.017984,-0.0251327412,0.0052
0.073344,1.966,1.024,-0.017984,-0.0251327412,0.0056
0.077504,0.834,2.102,-0.021184,-0.0251327412,0.006
0.083072,0.954,0.877,-0.021184,-0.0251327412,0.0064
0.087104,0.778,0.982,-0.022656,-0.0125663706,0.0068
0.092544,1.058,0.855,-0.022656,-0.0125663706,0.0072
0.096512,0.192,1.088,-0.022848,-0.0125663706,0.0076
0.102016,-0.437,0.2,-0.022848,-0.0125663706,0.008
0.106112,-0.223,-0.538,-0.0224,-0.0125663706,0.0084
0.111872,-1.336,-0.179,-0.0224,-0.0125663706,0.0088
0.116096,-0.289,-1.404,-0.022016,-0.0125663706,0.0092
0.12192,0.425,-0.263,-0.022016,-0.0125663706,0.0096
0.125952,0.14,0.454,-0.022272,0.0,0.01
0.131264,1.228,0.074,-0.022272,0.0,0.0104
0.134976,0.962,1.362,-0.022336,0.0,0.0108
0.140288,0.916,1.024,-0.022336,0.0,0.0112
0.144128,0.694,0.982,-0.021696,0.0,0.0116
0.149376,-0.481,0.708,-0.021696,0.0,0.012
0.153152,-0.073,-0.475,-0.020352,0.0,0.0124
0.158464,0.461,-0.073,-0.020352,0.0,0.0128
0.162176,0.855,0.56,-0.019136,0.0,0.0132
0.167488,1.047,0.94,-0.019136,0.0,0.0136
0.171264,0.842,1.109,-0.017792,0.0,0.014
0.176576,-0.36,0.877,-0.017792,0.0,0.0144
0.180352,0.034,-0.348,-0.015808,0.0,0.0148
0.185664,-0.325,0.01,-0.015808,0.0,0.0152
0.189312,0.005,-0.242,-0.014144,-0.0125663706,0.0156
0.19488,-1.131,-0.01,-0.014144,-0.0125663706,0.016
0.199104,-0.908,-1.193,-0.0128,-0.0125663706,0.0164
0.204928,-1.131,-0.961,-0.0128,-0.0125663706,0.0168
0.20928,-0.23,-1.235,-0.012224,-0.0125663706,0.0172
0.215168,0.47,-0.242,-0.012224,-0.0125663706,0.0176
0.219328,0.416,0.517,-0.012608,0.0,0.018
0.22464,1.494,0.412,-0.012608,0.0,0.0184
0.228416,1.0,1.595,-0.0128,0.0,0.0188
0.233856,1.202,1.109,-0.0128,0.0,0.0192
0.237696,0.975,1.236,-0.012032,0.0,0.0196
0.243072,0.346,1.024,-0.012032,0.0,0.02
0.246848,0.133,0.412,-0.010368,0.0,0.0204
0.252096,-0.975,0.137,-0.010368,0.0,0.0208
0.255872,0.003,-1.024,-0.008768,0.0,0.0212
0.261056,-0.281,-0.031,-0.008768,0.0,0.0216
0.264768,0.5,-0.221,-0.007552,0.0,0.022
0.270016,0.718,0.454,-0.007552,0.0,0.0224
0.2736,0.56,0.855,-0.006656,0.0,0.0228
0.278784,-0.309,0.581,-0.006656,0.0,0.0232
0.282496,-0.035,-0.432,-0.00576,-0.0125663706,0.0236
0.288128,-1.15,-0.052,-0.00576,-0.0125663706,0.024
0.292224,-0.691,-1.235,-0.004736,-0.0125663706,0.0244
0.298048,-1.708,-0.686,-0.004736,-0.0125663706,0.0248
0.302272,-0.698,-1.806,-0.004672,0.0,0.0252
0.307712,-0.867,-0.707,-0.004672,0.0,0.0256
0.311552,-0.669,-0.897,-0.005696,0.0,0.026
0.316864,0.512,-0.707,-0.005696,0.0,0.0264
0.320576,0.254,0.581,-0.007232,0.0125663706,0.0268
0.32608,1.346,0.2,-0.007232,0.0125663706,0.0272
0.330048,1.093,1.405,-0.00864,0.0125663706,0.0276
0.33568,1.313,1.024,-0.00864,0.0125663706,0.028
0.339712,0.433,1.362,-0.008832,0.0125663706,0.0284
0.34528,0.662,0.56,-0.008832,0.0125663706,0.0288
0.349184,0.484,0.686,-0.008128,0.0125663706,0.0292
0.354624,-0.671,0.623,-0.008128,0.0125663706,0.0296
0.358592,0.061,-0.728,-0.00704,0.0125663706,0.03
0.364032,0.357,-0.01,-0.00704,0.0125663706,0.0304
0.367936,0.695,0.391,-0.006272,0.0251327412,0.0308
0.373504,0.929,0.665,-0.006272,0.0251327412,0.0312
0.377472,1.283,1.024,-0.005504,0.0251327412,0.0316
0.383168,1.745,1.405,-0.005504,0.0251327412,0.032
0.387328,1.332,1.87,-0.004096,0.0125663706,0.0324
0.39296,0.903,1.362,-0.004096,0.0125663706,0.0328
0.396928,0.648,0.961,-0.001664,0.0125663706,0.0332
0.402368,-0.545,0.686,-0.001664,0.0125663706,0.0336
0.406336,-0.282,-0.601,0.001344,0.0,0.034
0.411648,-1.344,-0.263,0.001344,0.0,0.0344
0.415424,-1.055,-1.383,0.003968,0.0,0.0348
0.4208,-1.281,-1.109,0.003968,0.0,0.0352
0.424704,-0.389,-1.278,0.005568,0.0,0.0356
0.43008,-0.625,-0.39,0.005568,0.0,0.036
0.433728,0.32,-0.496,0.005824,0.0125663706,0.0364
0.439232,0.587,0.285,0.005824,0.0125663706,0.0368
0.443008,0.311,0.581,0.005568,0.0125663706,0.0372
0.448384,1.39,0.369,0.005568,0.0125663706,0.0376
0.452288,0.582,1.468,0.005504,0.0125663706,0.038
0.457728,0.803,0.644,0.005504,0.0125663706,0.0384
0.461568,0.622,0.771,0.00608,0.0125663706,0.0388
0.466944,-0.537,0.665,0.00608,0.0125663706,0.0392
0.470784,0.189,-0.559,0.00704,0.0125663706,0.0396
0.476288,0.462,0.264,0.00704,0.0125663706,0.04
0.480064,0.626,0.475,0.007744,0.0125663706,0.0404
0.48544,-0.493,0.665,0.007744,0.0125663706,0.0408
0.489344,-0.088,-0.432,0.00832,0.0125663706,0.0412
0.494784,0.453,-0.158,0.00832,0.0125663706,0.0416
0.498752,0.67,0.517,0.00864,0.0125663706,0.042
0.504128,-0.455,0.708,0.00864,0.0125663706,0.0424
0.508032,-0.058,-0.454,0.008768,0.0125663706,0.0428
0.513472,0.494,-0.01,0.008768,0.0125663706,0.0432
0.517312,0.83,0.517,0.00896,0.0251327412,0.0436
0.522752,1.04,0.94,0.00896,0.0251327412,0.044
0.52672,1.371,1.088,0.00928,0.0251327412,0.0444
0.532352,1.819,1.468,0.00928,0.0251327412,0.0448
0.536448,1.546,1.954,0.01024,0.0251327412,0.0452
0.542144,0.792,1.616,0.01024,0.0251327412,0.0456
0.546176,0.513,0.855,0.01216,0.0251327412,0.046
0.551744,-0.676,0.56,0.01216,0.0251327412,0.0464
0.555776,0.293,-0.707,0.014656,0.0251327412,0.0468
0.561408,0.594,0.348,0.014656,0.0251327412,0.0472
0.565376,0.77,0.686,0.016896,0.0251327412,0.0476
0.570944,0.959,0.855,0.016896,0.0251327412,0.048
0.574912,0.615,1.024,0.019072,0.0125663706,0.0484
0.58048,-0.599,0.644,0.019072,0.0125663706,0.0488
0.584448,-0.194,-0.665,0.021632,0.0125663706,0.0492
0.59008,-1.267,-0.221,0.021632,0.0125663706,0.0496
0.594176,-0.221,-1.32,0.023936,0.0125663706,0.05
0.599936,-0.425,-0.242,0.023936,0.0125663706,0.0504
0.603968,0.395,-0.411,0.025216,0.0125663706,0.0508
0.609536,0.651,0.412,0.025216,0.0125663706,0.0512
0.61344,1.024,0.686,0.026048,0.0125663706,0.0516
0.618944,0.751,1.067,0.026048,0.0125663706,0.052
0.622976,0.521,0.792,0.027072,0.0125663706,0.0524
0.628416,-0.647,0.581,0.027072,0.0125663706,0.0528
0.632384,0.309,-0.665,0.028416,0.0125663706,0.0532
0.637952,0.594,0.412,0.028416,0.0125663706,0.0536
0.641856,0.967,0.623,0.029696,0.0125663706,0.054
0.647296,0.415,1.024,0.029696,0.0125663706,0.0544
0.651264,0.19,0.454,0.030976,0.0125663706,0.0548
0.656704,0.403,0.179,0.030976,0.0125663706,0.0552
0.660608,0.797,0.475,0.032448,0.0125663706,0.0556
0.666048,1.009,0.813,0.032448,0.0125663706,0.056
0.67008,0.803,1.109,0.034176,0.0125663706,0.0564
0.675584,0.48,0.877,0.034176,0.0125663706,0.0568
0.679488,0.814,0.496,0.036288,0.0125663706,0.0572
0.684928,1.02,0.94,0.036288,0.0125663706,0.0576
0.688896,1.352,1.088,0.038912,0.0125663706,0.058
0.694528,0.718,1.426,0.038912,0.0125663706,0.0584
0.698496,0.462,0.813,0.042176,0.0125663706,0.0588
0.704,0.63,0.285,0.042176,0.0125663706,0.0592
0.70784,0.342,0.686,0.045824,0.0,0.0596
0.713024,-0.79,0.369,0.045824,0.0,0.06
0.716736,-0.348,-0.77,0.049344,0.0,0.0604
0.722112,-0.652,-0.327,0.049344,0.0,0.0608
0.725888,0.37,-0.644,0.052544,0.0,0.0612
0.7312,0.638,0.391,0.052544,0.0,0.0616
0.734784,0.986,0.686,0.055104,0.0,0.062
0.739968,1.157,1.067,0.055104,0.0,0.0624
0.743744,0.799,1.278,0.057856,-0.0125663706,0.0628
0.749376,-0.462,0.834,0.057856,-0.0125663706,0.0632
0.753408,-0.082,-0.496,0.061376,-0.0125663706,0.0636
0.75904,-1.186,-0.073,0.061376,-0.0125663706,0.064
0.7632,-0.15,-1.214,0.064576,-0.0125663706,0.0644
0.769024,-0.372,-0.137,0.064576,-0.0125663706,0.0648
0.773184,0.664,-0.306,0.067008,-0.0125663706,0.0652
0.778816,0.901,0.644,0.067008,-0.0125663706,0.0656
0.782784,1.256,0.919,0.068992,-0.0125663706,0.066
0.788416,0.634,1.299,0.068992,-0.0125663706,0.0664
0.792512,0.375,0.729,0.071296,-0.0125663706,0.0668
0.798016,-0.801,0.433,0.071296,-0.0125663706,0.0672
0.802112,-0.528,-0.792,0.073856,-0.0251327412,0.0676
0.807936,-1.615,-0.517,0.073856,-0.0251327412,0.068
0.812224,-0.525,-1.742,0.075904,-0.0251327412,0.0684
0.818112,-0.671,-0.517,0.075904,-0.0251327412,0.0688
0.8224,0.178,-0.644,0.076672,-0.0251327412,0.0692
0.828096,0.459,0.179,0.076672,-0.0251327412,0.0696
0.832128,0.352,0.496,0.076608,-0.0125663706,0.07
0.837696,1.456,0.369,0.076608,-0.0125663706,0.0704
0.841792,1.84,1.616,0.076672,-0.0125663706,0.0708
0.847488,1.116,1.954,0.076672,-0.0125663706,0.0712
0.851648,0.784,1.215,0.077824,-0.0125663706,0.0716
0.85728,-0.467,0.792,0.077824,-0.0125663706,0.072
0.861312,-0.083,-0.538,0.07968,-0.0125663706,0.0724
0.866944,-0.409,-0.115,0.07968,-0.0125663706,0.0728
0.871104,0.626,-0.348,0.081344,-0.0125663706,0.0732
0.876736,0.868,0.623,0.081344,-0.0125663706,0.0736
0.880768,0.675,0.961,0.082752,-0.0125663706,0.074
0.886272,-0.529,0.56,0.082752,-0.0125663706,0.0744
0.890368,0.436,-0.517,0.084224,-0.0125663706,0.0748
0.896,0.7,0.412,0.084224,-0.0125663706,0.0752
0.899968,0.527,0.771,0.085632,-0.0125663706,0.0756
0.905536,-0.658,0.56,0.085632,-0.0125663706,0.076
0.909632,0.304,-0.686,0.08704,-0.0125663706,0.0764
0.915264,0.591,0.475,0.08704,-0.0125663706,0.0768
0.919232,0.959,0.686,0.088448,-0.0125663706,0.0772
0.9248,0.373,1.046,0.088448,-0.0125663706,0.0776
0.928832,0.143,0.412,0.089856,-0.0125663706,0.078
0.9344,0.359,0.137,0.089856,-0.0125663706,0.0784
0.938368,0.759,0.454,0.09152,-0.0125663706,0.0788
0.943936,-0.385,0.834,0.09152,-0.0125663706,0.0792
0.948032,-0.008,-0.369,0.093312,-0.0125663706,0.0796
0.953536,-0.364,-0.01,0.093312,-0.0125663706,0.08
0.957632,0.654,-0.369,0.094912,-0.0125663706,0.0804
0.963264,0.902,0.686,0.094912,-0.0125663706,0.0808
0.967232,0.702,0.982,0.096192,-0.0125663706,0.0812
0.9728,-0.51,0.729,0.096192,-0.0125663706,0.0816
0.976832,-0.123,-0.496,0.097728,-0.0125663706,0.082
0.982592,-0.446,-0.137,0.097728,-0.0125663706,0.0824
0.986752,0.589,-0.432,0.099072,-0.0125663706,0.0828
0.992384,0.847,0.623,0.099072,-0.0125663706,0.0832
0.996352,1.342,0.919,0.099968,0.0,0.0836
1.001664,1.486,1.447,0.099968,0.0,0.084
1.005504,1.088,1.595,0.101248,-0.0125663706,0.0844
1.011392,0.0,1.193,0.101248,-0.0125663706,0.0848
1.01536,0.102,-0.01,0.103616,-0.0125663706,0.0852
1.021056,-0.729,0.095,0.103616,-0.0125663706,0.0856
1.025216,0.285,-0.77,0.105984,-0.0125663706,0.086
1.03104,0.596,0.369,0.105984,-0.0125663706,0.0864
1.0352,0.765,0.623,0.107904,-0.0125663706,0.0868
1.040896,0.959,0.898,0.107904,-0.0125663706,0.0872
1.045056,0.734,1.067,0.110016,-0.0125663706,0.0876
1.05088,-0.52,0.771,0.110016,-0.0125663706,0.088
1.055104,0.437,-0.517,0.112576,-0.0125663706,0.0884
1.060928,0.707,0.412,0.112576,-0.0125663706,0.0888
1.065088,1.103,0.919,0.115008,-0.0125663706,0.0892
1.070912,0.461,1.172,0.115008,-0.0125663706,0.0896
1.075136,0.06,0.538,0.117632,-0.0251327412,0.09
1.080896,-1.118,0.074,0.117632,-0.0251327412,0.0904
1.085184,-0.675,-1.109,0.120448,-0.0251327412,0.0908
1.091264,-0.901,-0.665,0.120448,-0.0251327412,0.0912
1.09568,0.216,-0.918,0.12256,-0.0251327412,0.0916
1.101632,0.551,0.2,0.12256,-0.0251327412,0.092
1.105856,0.963,0.602,0.123648,-0.0251327412,0.0924
1.11168,0.363,1.024,0.123648,-0.0251327412,0.0928
1.116032,0.108,0.412,0.124864,-0.0251327412,0.0932
1.121792,-1.053,0.095,0.124864,-0.0251327412,0.0936
1.126144,-0.022,-1.066,0.126144,-0.0251327412,0.094
1.13216,-0.258,-0.01,0.126144,-0.0251327412,0.0944
1.136512,0.784,-0.242,0.126848,-0.0251327412,0.0948
1.1424,-0.383,0.792,0.126848,-0.0251327412,0.0952
1.146752,0.719,-0.369,0.127104,-0.0125663706,0.0956
1.152512,1.283,0.708,0.127104,-0.0125663706,0.096
1.1568,1.419,1.426,0.127296,-0.0125663706,0.0964
1.162688,0.701,1.489,0.127296,-0.0125663706,0.0968
1.166976,0.406,0.75,0.12832,-0.0125663706,0.0972
1.172672,-0.793,0.475,0.12832,-0.0125663706,0.0976
1.17696,0.195,-0.834,0.129856,-0.0125663706,0.098
1.18272,0.511,0.179,0.129856,-0.0125663706,0.0984
1.186944,0.929,0.56,0.131072,-0.0125663706,0.0988
1.19264,0.35,1.046,0.131072,-0.0125663706,0.0992
1.196928,0.099,0.391,0.132224,-0.0125663706,0.0996
1.20256,-1.042,0.095,0.132224,-0.0125663706,0.1
1.206848,-0.015,-1.066,0.133504,-0.0125663706,0.1004
1.212864,0.346,0.01,0.133504,-0.0125663706,0.1008
1.217024,0.777,0.369,0.134272,-0.0125663706,0.1012
1.222848,-0.382,0.855,0.134272,-0.0125663706,0.1016
1.2272,-0.027,-0.369,0.134784,-0.0125663706,0.102
1.233088,-0.851,-0.01,0.134784,-0.0125663706,0.1024
1.23744,-0.041,-0.876,0.13504,-0.0125663706,0.1028
1.243328,-0.313,-0.031,0.13504,-0.0125663706,0.1032
1.24768,-0.012,-0.263,0.134784,0.0,0.1036
1.253184,1.108,-0.094,0.134784,0.0,0.104
1.257216,0.668,1.215,0.134336,0.0,0.1044
1.26272,0.917,0.771,0.134336,0.0,0.1048
1.266624,0.712,0.961,0.134464,0.0,0.1052
1.272064,-0.476,0.75,0.134464,0.0,0.1056
1.276032,-0.087,-0.517,0.135296,0.0,0.106
1.281536,-0.417,-0.052,0.135296,0.0,0.1064
1.285504,0.594,-0.411,0.135936,0.0,0.1068
1.291072,0.843,0.623,0.135936,0.0,0.1072
1.294912,1.331,0.771,0.136256,0.0125663706,0.1076
1.300736,1.517,1.362,0.136256,0.0125663706,0.108
1.305088,1.831,1.595,0.137152,0.0125663706,0.1084
1.310976,1.419,1.975,0.137152,0.0125663706,0.1088
1.315328,0.935,1.616,0.139264,0.0,0.1092
1.320832,-0.351,1.024,0.139264,0.0,0.1096
1.324928,0.009,-0.369,0.142208,0.0,0.11
1.33024,-1.08,0.01,0.142208,0.0,0.1104
1.334208,-0.284,-1.066,0.144896,0.0,0.1108
1.339968,-0.53,-0.285,0.144896,0.0,0.1112
1.344,-0.404,-0.517,0.146944,-0.0125663706,0.1116
1.349952,-1.533,-0.411,0.146944,-0.0125663706,0.112
1.354496,-0.427,-1.425,0.148224,-0.0125663706,0.1124
1.360576,-0.6,-0.411,0.148224,-0.0125663706,0.1128
1.364992,0.392,-0.601,0.148352,0.0,0.1132
1.370496,0.966,0.369,0.148352,0.0,0.1136
1.3744,0.689,0.94,0.147968,0.0,0.114
1.37984,1.728,0.686,0.147968,0.0,0.1144
1.383808,1.531,1.87,0.14816,0.0,0.1148
1.38944,0.781,1.595,0.14816,0.0,0.1152
1.393408,0.503,0.813,0.149504,0.0,0.1156
1.398848,-0.671,0.538,0.149504,0.0,0.116
1.402816,0.287,-0.707,0.15136,0.0,0.1164
1.40832,0.576,0.306,0.15136,0.0,0.1168
1.412224,0.954,0.623,0.15296,0.0,0.1172
1.417664,1.145,1.067,0.15296,0.0,0.1176
1.421696,0.91,1.215,0.154816,0.0,0.118
1.4272,-0.322,0.919,0.154816,0.0,0.1184
1.431168,0.602,-0.327,0.157056,0.0,0.1188
1.436736,0.84,0.665,0.157056,0.0,0.1192
1.440576,1.184,0.919,0.15936,0.0,0.1196
1.446144,0.574,1.299,0.15936,0.0,0.12
1.450112,0.182,0.644,0.161984,-0.0125663706,0.1204
1.455872,-1.007,0.2,0.161984,-0.0125663706,0.1208
1.460288,-0.582,-1.066,0.165184,-0.0125663706,0.1212
1.466368,-0.808,-0.601,0.165184,-0.0125663706,0.1216
1.470784,0.307,-0.834,0.167552,-0.0125663706,0.122
1.476736,0.63,0.264,0.167552,-0.0125663706,0.1224
1.48096,0.818,0.665,0.169024,-0.0125663706,0.1228
1.486784,-0.386,0.898,0.169024,-0.0125663706,0.1232
1.491136,-0.029,-0.411,0.170624,-0.0125663706,0.1236
1.497024,0.551,-0.01,0.170624,-0.0125663706,0.124
1.501312,0.997,0.56,0.17216,-0.0125663706,0.1244
1.507136,0.404,0.898,0.17216,-0.0125663706,0.1248
1.51136,0.175,0.433,0.173632,-0.0125663706,0.1252
1.517184,0.4,0.158,0.173632,-0.0125663706,0.1256
1.521408,0.822,0.496,0.17536,-0.0125663706,0.126
1.527232,-0.352,0.855,0.17536,-0.0125663706,0.1264
1.531584,0.008,-0.285,0.177216,-0.0125663706,0.1268
1.53728,-0.348,0.01,0.177216,-0.0125663706,0.1272
1.541568,0.688,-0.221,0.17888,-0.0125663706,0.1276
1.547456,0.926,0.623,0.17888,-0.0125663706,0.128
1.55168,0.723,1.024,0.180288,-0.0125663706,0.1284
1.557568,-0.532,0.729,0.180288,-0.0125663706,0.1288
1.56192,-0.304,-0.517,0.182016,-0.0251327412,0.1292
1.567936,-1.445,-0.306,0.182016,-0.0251327412,0.1296
1.572544,-0.977,-1.489,0.183488,-0.0251327412,0.13
1.578688,-1.139,-1.003,0.183488,-0.0251327412,0.1304
1.583424,-0.723,-1.172,0.183488,-0.0125663706,0.1308
1.58944,-0.348,-0.77,0.183488,-0.0125663706,0.1312
1.59392,-0.113,-0.348,0.182272,-0.0125663706,0.1316
1.599872,1.059,-0.115,0.182272,-0.0125663706,0.132
1.604288,1.013,1.088,0.1808,0.0,0.1324
1.60992,2.047,1.13,0.1808,0.0,0.1328
1.614016,1.151,2.25,0.180416,0.0,0.1332
1.619584,1.256,1.257,0.180416,0.0,0.1336
1.623616,1.004,1.362,0.181504,0.0,0.134
1.629248,-0.261,1.13,0.181504,0.0,0.1344
1.633344,-0.059,-0.285,0.183552,-0.0125663706,0.1348
1.639232,-1.214,-0.052,0.183552,-0.0125663706,0.1352
1.643648,-1.008,-1.235,0.185536,-0.0125663706,0.1356
1.649792,-1.204,-1.003,0.185536,-0.0125663706,0.136
1.654336,-0.279,-1.235,0.186304,-0.0125663706,0.1364
1.660416,-0.485,-0.221,0.186304,-0.0125663706,0.1368
1.664832,-0.163,-0.411,0.185792,0.0,0.1372
1.670464,0.991,-0.179,0.185792,0.0,0.1376
1.674432,0.77,1.109,0.185088,0.0,0.138
1.68,1.029,0.813,0.185088,0.0,0.1384
1.683968,0.86,1.024,0.18496,0.0125663706,0.1388
1.689792,1.602,0.898,0.18496,0.0125663706,0.1392
1.694016,1.376,1.679,0.185856,0.0125663706,0.1396
1.699904,0.628,1.426,0.185856,0.0125663706,0.14
1.704128,0.209,0.665,0.187776,0.0,0.1404
1.709568,-0.951,0.243,0.187776,0.0,0.1408
1.713536,-0.507,-0.982,0.190016,0.0,0.1412
1.719168,-0.768,-0.496,0.190016,0.0,0.1416
1.723264,0.301,-0.728,0.191552,0.0,0.142
1.728768,0.59,0.327,0.191552,0.0,0.1424
1.732672,0.755,0.665,0.19232,0.0,0.1428
1.738112,-0.398,0.792,0.19232,0.0,0.1432
1.74208,-0.012,-0.369,0.193088,0.0,0.1436
1.747584,0.526,-0.01,0.193088,0.0,0.144
1.751488,0.935,0.538,0.193792,0.0,0.1444
1.756928,0.386,0.961,0.193792,0.0,0.1448
1.760832,0.171,0.391,0.19456,0.0,0.1452
1.766272,0.387,0.179,0.19456,0.0,0.1456
1.770112,0.772,0.391,0.195584,0.0,0.146
1.775552,0.996,0.898,0.195584,0.0,0.1464
1.779456,0.781,1.151,0.196864,0.0,0.1468
1.785024,-0.452,0.919,0.196864,0.0,0.1472
1.788992,0.47,-0.475,0.198464,0.0,0.1476
1.794496,0.727,0.623,0.198464,0.0,0.148
1.7984,1.076,0.792,0.200128,0.0,0.1484
1.803904,0.493,1.13,0.200128,0.0,0.1488
1.807872,0.257,0.517,0.201984,0.0,0.1492
1.813312,0.46,0.243,0.201984,0.0,0.1496
1.817152,0.84,0.517,0.204032,0.0,0.15
1.822592,1.041,0.94,0.204032,0.0,0.1504
1.82656,0.824,1.109,0.2064,0.0,0.1508
1.832064,0.499,0.834,0.2064,0.0,0.1512
1.835968,0.152,0.602,0.209152,-0.0125663706,0.1516
1.841792,-1.037,0.158,0.209152,-0.0125663706,0.152
1.846208,-0.607,-0.982,0.212288,-0.0125663706,0.1524
1.852224,-0.851,-0.601,0.212288,-0.0125663706,0.1528
1.85664,0.024,-0.876,0.21472,-0.0125663706,0.1532
1.862464,0.35,0.01,0.21472,-0.0125663706,0.1536
1.866624,0.781,0.369,0.216192,-0.0125663706,0.154
1.872448,1.016,0.834,0.216192,-0.0125663706,0.1544
1.876736,0.783,1.088,0.2176,-0.0125663706,0.1548
1.882624,0.434,0.855,0.2176,-0.0125663706,0.1552
1.886912,0.202,0.475,0.219584,-0.0125663706,0.1556
1.892736,0.424,0.222,0.219584,-0.0125663706,0.156
1.89696,0.843,0.475,0.22176,-0.0125663706,0.1564
1.902784,1.06,0.919,0.22176,-0.0125663706,0.1568
1.907136,0.823,1.109,0.224128,-0.0125663706,0.1572
1.913024,-0.446,0.834,0.224128,-0.0125663706,0.1576
1.917376,-0.226,-0.496,0.22688,-0.0251327412,0.158
1.923392,-1.369,-0.306,0.22688,-0.0251327412,0.1584
1.928,-0.263,-1.468,0.229568,-0.0251327412,0.1588
1.934208,-0.427,-0.242,0.229568,-0.0251327412,0.1592
1.938688,0.408,-0.39,0.230976,-0.0251327412,0.1596
1.94464,0.664,0.433,0.230976,-0.0251327412,0.16
1.948992,0.47,0.665,0.231808,-0.0251327412,0.1604
1.95488,-0.416,0.602,0.231808,-0.0251327412,0.1608
1.95936,-0.046,-0.454,0.232768,-0.0251327412,0.1612
1.965312,-0.367,-0.031,0.232768,-0.0251327412,0.1616
1.969728,0.438,-0.369,0.233472,-0.0251327412,0.162
1.975744,-0.718,0.475,0.233472,-0.0251327412,0.1624
1.98016,-0.331,-0.749,0.233728,-0.0251327412,0.1628
1.98624,-0.279,-0.369,0.233728,-0.0251327412,0.1632
1.990784,0.059,-0.263,0.233344,-0.0125663706,0.1636
1.996608,0.891,0.031,0.233344,-0.0125663706,0.164
2.000768,0.439,0.919,0.232896,-0.0125663706,0.1644
2.006528,0.708,0.517,0.232896,-0.0125663706,0.1648
2.010816,0.508,0.792,0.23296,-0.0125663706,0.1652
2.01664,-0.706,0.538,0.23296,-0.0125663706,0.1656
2.020992,-0.318,-0.665,0.2336,-0.0125663706,0.166
2.026944,-0.607,-0.348,0.2336,-0.0125663706,0.1664
2.03136,0.233,-0.496,0.233792,-0.0125663706,0.1668
2.037312,0.834,0.2,0.233792,-0.0125663706,0.1672
2.041536,0.743,0.898,0.233472,0.0,0.1676
2.046976,1.785,0.792,0.233472,0.0,0.168
2.050944,1.908,1.891,0.233728,0.0,0.1684
2.056576,1.159,2.229,0.233728,0.0,0.1688
2.060608,0.817,1.257,0.235328,0.0,0.1692
2.066176,0.463,0.855,0.235328,0.0,0.1696
2.07008,0.116,0.517,0.237632,-0.0125663706,0.17
2.07584,-1.055,0.137,0.237632,-0.0125663706,0.1704
2.080256,-0.625,-1.045,0.240256,-0.0125663706,0.1708
2.086336,-0.854,-0.623,0.240256,-0.0125663706,0.1712
2.090752,0.021,-0.813,0.242048,-0.0125663706,0.1716
2.096576,-0.254,0.031,0.242048,-0.0125663706,0.172
2.100864,0.544,-0.242,0.24288,-0.0125663706,0.1724
2.106752,0.787,0.56,0.24288,-0.0125663706,0.1728
2.110976,0.584,0.834,0.243392,-0.0125663706,0.1732
2.1168,-0.322,0.602,0.243392,-0.0125663706,0.1736
2.121088,0.063,-0.306,0.244288,-0.0125663706,0.174
2.126912,-0.284,-0.052,0.244288,-0.0125663706,0.1744
2.131264,0.53,-0.242,0.24512,-0.0125663706,0.1748
2.137152,0.768,0.538,0.24512,-0.0125663706,0.1752
2.141376,0.572,0.813,0.245696,-0.0125663706,0.1756
2.1472,-0.333,0.644,0.245696,-0.0125663706,0.176
2.151552,0.043,-0.348,0.246336,-0.0125663706,0.1764
2.157312,-0.298,0.031,0.246336,-0.0125663706,0.1768
2.1616,0.502,-0.179,0.246848,-0.0125663706,0.1772
2.167488,0.742,0.517,0.246848,-0.0125663706,0.1776
2.171712,0.546,0.792,0.247232,-0.0125663706,0.178
2.177536,-0.67,0.581,0.247232,-0.0125663706,0.1784
2.181888,-0.288,-0.623,0.247744,-0.0125663706,0.1788
2.18784,-0.582,-0.348,0.247744,-0.0125663706,0.1792
2.19232,0.263,-0.601,0.247872,-0.0125663706,0.1796
2.198208,0.873,0.243,0.247872,-0.0125663706,0.18
2.202496,0.783,0.982,0.24768,0.0,0.1804
2.207936,1.811,0.855,0.24768,0.0,0.1808
2.211904,1.599,1.912,0.248,0.0,0.1812
2.217536,0.85,1.722,0.248,0.0,0.1816
2.22144,0.419,0.898,0.249536,-0.0125663706,0.182
2.227264,-0.812,0.496,0.249536,-0.0125663706,0.1824
2.231616,-0.415,-0.728,0.251776,-0.0125663706,0.1828
2.237568,-1.515,-0.39,0.251776,-0.0125663706,0.1832
2.242112,-0.656,-1.594,0.253376,-0.0125663706,0.1836
2.248128,-0.808,-0.665,0.253376,-0.0125663706,0.184
2.252608,0.069,-0.77,0.253504,-0.0125663706,0.1844
2.258432,0.377,0.074,0.253504,-0.0125663706,0.1848
2.262592,0.29,0.412,0.252928,0.0,0.1852
2.268032,1.399,0.285,0.252928,0.0,0.1856
2.272,1.135,1.489,0.252672,0.0,0.186
2.277632,1.338,1.172,0.252672,0.0,0.1864
2.281664,1.092,1.426,0.253376,0.0,0.1868
2.287296,0.41,1.236,0.253376,0.0,0.1872
2.291264,0.161,0.454,0.254912,0.0,0.1876
2.296704,0.373,0.158,0.254912,0.0,0.188
2.300544,0.09,0.412,0.256768,-0.0125663706,0.1884
2.306304,-1.068,0.095,0.256768,-0.0125663706,0.1888
2.310592,-0.628,-1.13,0.258624,-0.0125663706,0.1892
2.316672,-0.845,-0.623,0.258624,-0.0125663706,0.1896
2.321088,0.029,-0.897,0.259584,-0.0125663706,0.19
2.326912,0.355,0.01,0.259584,-0.0125663706,0.1904
2.331072,0.924,0.433,0.259712,0.0,0.1908
2.336512,1.437,1.003,0.259712,0.0,0.1912
2.340608,1.764,1.51,0.259904,0.0,0.1916
2.34624,1.065,1.806,0.259904,0.0,0.192
2.350272,0.764,1.13,0.260992,0.0,0.1924
2.355776,-0.46,0.75,0.260992,0.0,0.1928
2.359744,-0.212,-0.454,0.262784,-0.0125663706,0.1932
2.36576,-1.356,-0.221,0.262784,-0.0125663706,0.1936
2.37024,-0.892,-1.404,0.26432,-0.0125663706,0.194
2.37632,-1.069,-0.939,0.26432,-0.0125663706,0.1944
2.3808,-0.155,-1.066,0.264704,-0.0125663706,0.1948
2.38688,-0.387,-0.179,0.264704,-0.0125663706,0.1952
2.391296,-0.07,-0.369,0.264064,0.0,0.1956
2.396864,1.071,-0.031,0.264064,0.0,0.196
2.400832,0.837,1.151,0.26336,0.0,0.1964
2.406336,1.094,0.855,0.26336,0.0,0.1968
2.410304,0.233,1.172,0.263296,0.0,0.1972
2.415872,0.484,0.243,0.263296,0.0,0.1976
2.419712,0.335,0.517,0.264,0.0,0.198
2.425152,0.536,0.433,0.264,0.0,0.1984
2.429056,0.69,0.56,0.26496,0.0,0.1988
2.434496,0.886,0.665,0.26496,0.0,0.1992
2.438336,0.701,0.94,0.266048,0.0,0.1996
2.443776,-0.488,0.75,0.266048,0.0,0.2
2.447744,0.448,-0.496,0.26752,0.0,0.2004
2.453312,1.108,0.496,0.26752,0.0,0.2
2.45728,1.48,1.193,0.268992,0.0,0.1996
2.462848,0.835,1.553,0.268992,0.0,0.1992
2.466816,0.563,0.94,0.270912,0.0,0.1988
2.472256,0.715,0.56,0.270912,0.0,0.1984
2.47616,0.394,0.834,0.273344,-0.0125663706,0.198
2.481984,-0.83,0.369,0.273344,-0.0125663706,0.1976
2.486336,-0.416,-0.834,0.27616,-0.0125663706,0.1972
2.492288,-0.68,-0.432,0.27616,-0.0125663706,0.1968
2.496704,-0.332,-0.665,0.278336,-0.0251327412,0.1964
2.502784,-1.457,-0.348,0.278336,-0.0251327412,0.196
2.507392,-0.349,-1.531,0.279488,-0.0251327412,0.1956
2.513536,-0.508,-0.369,0.279488,-0.0251327412,0.1952
2.51808,-0.309,-0.517,0.279424,-0.0251327412,0.1948
2.52416,0.896,-0.285,0.279424,-0.0251327412,0.1944
2.528576,0.629,0.982,0.278848,-0.0125663706,0.194
2.5344,1.69,0.686,0.278848,-0.0125663706,0.1936
2.538752,2.071,1.806,0.278976,-0.0125663706,0.1932
2.544768,1.283,2.208,0.278976,-0.0125663706,0.1928
2.549184,0.907,1.405,0.28032,-0.0125663706,0.1924
2.555072,-0.401,1.024,0.28032,-0.0125663706,0.192
2.559488,0.548,-0.39,0.282752,-0.0125663706,0.1916
2.565376,0.807,0.538,0.282752,-0.0125663706,0.1912
2.5696,0.473,0.877,0.285184,-0.0251327412,0.1908
2.575552,-0.772,0.475,0.285184,-0.0251327412,0.1904
2.579968,-0.377,-0.77,0.28768,-0.0251327412,0.19
2.586048,-0.648,-0.39,0.28768,-0.0251327412,0.1896
2.590528,0.452,-0.601,0.289792,-0.0251327412,0.1892
2.596544,0.743,0.475,0.289792,-0.0251327412,0.1888
2.600896,0.907,0.813,0.2912,-0.0251327412,0.1884
2.606784,1.081,1.003,0.2912,-0.0251327412,0.188
2.611264,0.683,1.172,0.292992,-0.0376991118,0.1876
2.61728,-0.289,0.729,0.292992,-0.0376991118,0.1872
2.621696,0.078,-0.285,0.295296,-0.0376991118,0.1868
2.627584,-1.087,0.095,0.295296,-0.0376991118,0.1864
2.632,-0.046,-1.087,0.297472,-0.0376991118,0.186
2.63808,-0.277,-0.031,0.297472,-0.0376991118,0.1856
2.64256,0.537,-0.242,0.298816,-0.0376991118,0.1852
2.648512,0.77,0.581,0.298816,-0.0376991118,0.1848
2.652864,1.158,0.75,0.299712,-0.0376991118,0.1844
2.658816,0.517,1.215,0.299712,-0.0376991118,0.184
