time(s),reference current(A),current(A),cart position(m),pendulum angle(rad)
0.007744,1.0,-0.13,0.0,-3.14159265
0.01152,1.0,-0.156,0.0,-3.14159265
0.01536,1.0,0.13,0.0,-3.14159265
0.019136,1.0,0.052,0.0,-3.14159265
0.022784,1.0,-0.182,0.0,-3.14159265
0.026624,1.0,0.0,0.0,-3.14159265
0.030208,1.0,0.052,1.8e-05,-3.14080725184
0.033984,1.0,0.312,5.4e-05,-3.14080725184
0.037824,1.0,0.364,0.000108,-3.14080725184
0.041792,1.0,0.364,0.000216,-3.14080725184
0.045696,1.0,0.416,0.000324,-3.14080725184
0.049664,1.0,0.512,0.000486,-3.14002185367
0.053568,1.0,0.468,0.000684,-3.14002185367
0.057536,1.0,0.364,0.0009,-3.13923645551
0.06144,1.0,0.546,0.00117,-3.13845105735
0.065472,1.0,0.546,0.001512,-3.13766565919
0.069504,1.0,0.546,0.001872,-3.13688026102
0.073536,1.0,0.754,0.002286,-3.13688026102
0.077568,1.0,0.65,0.00279,-3.13452406654
0.081536,1.0,0.468,0.003312,-3.13373866837
0.085568,1.0,0.676,0.00387,-3.13373866837
0.0896,1.0,0.728,0.0045,-3.13138247389
0.093632,1.0,0.468,0.005184,-3.1290262794
0.097664,1.0,0.728,0.005904,-3.12824088124
0.101632,1.0,0.52,0.006678,-3.12667008491
0.105792,1.0,0.52,0.007506,-3.12431389043
0.109888,1.0,0.768,0.008406,-3.1227430941
0.113984,1.0,0.754,0.009342,-3.12117229778
0.118144,1.0,0.572,0.010332,-3.11803070513
0.122304,1.0,0.702,0.011394,-3.11567451064
0.126528,1.0,0.702,0.012492,-3.11410371431
0.130752,1.0,0.728,0.013698,-3.11096212166
0.134912,1.0,0.78,0.014886,-3.10782052901
0.139136,1.0,0.494,0.016146,-3.10467893636
0.143296,1.0,0.702,0.017478,-3.10232274188
0.14752,1.0,0.364,0.018828,-3.09918114923
0.151744,1.0,0.512,0.02025,-3.09682495474
0.155904,1.0,0.546,0.021726,-3.09289796393
0.160128,1.0,0.598,0.02322,-3.08975637128
0.164288,1.0,0.78,0.024786,-3.08582938046
0.168512,1.0,0.546,0.026406,-3.08268778781
0.172736,1.0,0.728,0.028098,-3.078760797
0.176896,1.0,0.676,0.02979,-3.07640460251
0.18112,1.0,0.256,0.031554,-3.0724776117
0.185344,1.0,0.728,0.033426,-3.06697982456
0.189504,1.0,0.572,0.035298,-3.06462363008
0.193728,1.0,0.728,0.037206,-3.06148203743
0.197888,1.0,0.512,0.039222,-3.05519885213
0.202112,1.0,0.728,0.041274,-3.05205725948
0.206336,1.0,0.858,0.043344,-3.04813026866
0.210496,1.0,0.676,0.045504,-3.04263248153
0.21472,1.0,0.936,0.0477,-3.03870549071
0.218944,1.0,0.65,0.049986,-3.0347784999
0.223104,1.0,0.572,0.052326,-3.0284953146
0.227328,1.0,0.768,0.054666,-3.02456832379
0.231488,1.0,0.806,0.057096,-3.01985593481
0.235712,1.0,0.728,0.05958,-3.01435814768
0.239936,1.0,0.65,0.0621,-3.00886036054
0.244096,1.0,0.512,0.064656,-3.00493336973
0.24832,1.0,0.884,0.067266,-3.00022098075
0.25248,1.0,0.598,0.06993,-2.99550859178
0.256704,1.0,0.624,0.072648,-2.99001080464
0.260928,-1.0,0.624,0.075402,-2.98529841566
0.265216,-1.0,0.624,0.078246,-2.97901523036
0.269504,-1.0,0.364,0.081108,-2.97508823955
0.273792,-1.0,0.156,0.083934,-2.96880505425
0.278016,-1.0,0.0,0.08676,-2.96409266527
0.282176,-1.0,-0.026,0.089424,-2.9593802763
0.286464,-1.0,-0.026,0.092088,-2.95545328549
0.290752,-1.0,-0.234,0.094716,-2.95074089651
0.295104,-1.0,-0.052,0.097362,-2.94602850754
0.299392,-1.0,0.13,0.09981,-2.94367231305
0.30368,-1.0,-0.104,0.102204,-2.93895992408
0.308096,-1.0,-0.026,0.104598,-2.93581833143
0.312512,-1.0,-0.364,0.106848,-2.93267673878
0.316928,-1.0,-0.312,0.109008,-2.93032054429
0.321408,-1.0,-0.078,0.111096,-2.9279643498
0.32576,-1.0,-0.208,0.113004,-2.92560815531
0.33024,-1.0,-0.13,0.114804,-2.92403735899
0.334656,-1.0,-0.234,0.116568,-2.9216811645
0.339136,-1.0,-0.512,0.118098,-2.9216811645
0.343616,-1.0,-0.364,0.119556,-2.9216811645
0.348032,-1.0,-0.468,0.120888,-2.92011036818
0.352512,-1.0,-0.468,0.122058,-2.92089576634
0.356928,-1.0,-0.39,0.123138,-2.9216811645
0.361408,-1.0,-0.26,0.124074,-2.9216811645
0.365888,-1.0,-0.364,0.124866,-2.92325196083
0.370304,-1.0,-0.416,0.125514,-2.92639355348
0.374784,-1.0,-0.182,0.126054,-2.92717895164
0.3792,-1.0,-0.156,0.126414,-2.93032054429
0.38368,-1.0,-0.182,0.126684,-2.93346213694
0.38816,-1.0,-0.364,0.126882,-2.93581833143
0.392576,-1.0,-0.312,0.126954,-2.93974532224
0.397056,-1.0,-0.26,0.126936,-2.94524310938
0.401472,-1.0,-0.234,0.126864,-2.9468139057
0.405952,-1.0,-0.286,0.126702,-2.95152629468
0.410432,-1.0,-0.52,0.126432,-2.95780947997
0.414848,-1.0,-0.624,0.126126,-2.96252186895
0.419328,-1.0,-0.512,0.12573,-2.96801965609
0.423744,-1.0,-0.26,0.125226,-2.97351744323
0.428224,-1.0,-0.494,0.124686,-2.97744443404
0.432704,-1.0,-0.702,0.124038,-2.98372761934
0.43712,-1.0,-0.312,0.123336,-2.99001080464
0.4416,-1.0,-0.338,0.122562,-2.99629398994
0.446016,-1.0,-0.39,0.121734,-3.0033625734
0.450496,-1.0,-0.676,0.120816,-3.01121655503
0.454976,-1.0,-0.806,0.119844,-3.01671434216
0.459392,-1.0,-0.234,0.118764,-3.02378292562
0.463872,-1.0,-0.39,0.117648,-3.03320770358
0.468288,-1.0,-0.52,0.116424,-3.0410616852
0.472768,-1.0,-0.728,0.115182,-3.04891566683
0.477248,-1.0,-0.338,0.113796,-3.05598425029
0.481664,-1.0,-0.598,0.112374,-3.06383823191
0.486144,-1.0,-0.598,0.11088,-3.07169221354
0.49056,-1.0,-0.768,0.109296,-3.08111699149
0.49504,-1.0,-0.312,0.107658,-3.08975637128
0.49952,-1.0,-0.702,0.10593,-3.09996654739
0.503936,-1.0,-0.624,0.10413,-3.10939132534
0.508416,1.0,-0.65,0.102276,-3.11724530696
0.512768,1.0,-0.468,0.100386,-3.12667008491
0.51712,1.0,-0.182,0.098478,-3.13766565919
0.521408,1.0,-0.078,0.096606,-3.14473424265
0.525632,1.0,-0.026,0.094824,-3.1541590206
0.529856,1.0,0.182,0.093024,-3.16515459488
0.534016,1.0,-0.026,0.091332,-3.17222317834
0.53824,1.0,0.156,0.089694,-3.18321875261
0.542464,1.0,0.078,0.088038,-3.1918581324
0.54656,1.0,0.26,0.086598,-3.19735591954
0.55072,1.0,0.234,0.085122,-3.20835149381
0.554944,1.0,0.286,0.083718,-3.21542007728
0.559168,1.0,0.256,0.082458,-3.22170326258
0.563328,1.0,0.39,0.081252,-3.22877184604
0.567552,1.0,0.234,0.080154,-3.23898202215
0.571776,1.0,0.312,0.079128,-3.24369441112
0.575936,1.0,0.182,0.078246,-3.24919219826
0.58016,1.0,0.156,0.077418,-3.25940237438
0.58432,1.0,0.468,0.076734,-3.26411476335
0.588544,1.0,0.468,0.07623,-3.26647095784
0.592768,1.0,0.338,0.075744,-3.27511033763
0.596928,1.0,0.234,0.07542,-3.28060812476
0.601152,1.0,0.156,0.075186,-3.28374971741
0.605376,1.0,0.13,0.075024,-3.29081830088
0.609536,1.0,0.39,0.074952,-3.29474529169
0.61376,1.0,0.312,0.074952,-3.29631608801
0.61792,1.0,0.52,0.075006,-3.30338467147
0.622144,1.0,0.39,0.075114,-3.30652626412
0.626368,1.0,0.546,0.07533,-3.30809706045
0.630528,1.0,0.468,0.075546,-3.31202405126
0.634752,1.0,0.442,0.075834,-3.31673644024
0.638976,1.0,0.512,0.076194,-3.31830723656
0.643136,1.0,0.442,0.076626,-3.32066343105
0.64736,1.0,0.182,0.077076,-3.32459042186
0.65152,1.0,0.598,0.077598,-3.32616121819
0.655744,1.0,0.546,0.07821,-3.32773201451
0.659968,1.0,0.494,0.078876,-3.330088209
0.664128,1.0,0.624,0.07956,-3.33244440349
0.668352,1.0,0.572,0.080352,-3.33244440349
0.672576,1.0,0.572,0.08118,-3.33480059798
0.676736,1.0,0.78,0.082062,-3.3363713943
0.68096,1.0,0.468,0.083052,-3.3363713943
0.68512,1.0,0.512,0.08406,-3.33715679246
0.689344,1.0,0.572,0.085122,-3.33794219063
0.693568,1.0,0.728,0.086256,-3.33794219063
0.697728,1.0,0.468,0.087462,-3.33794219063
0.701952,1.0,0.416,0.088704,-3.33715679246
0.706176,1.0,0.546,0.09,-3.33715679246
0.710336,1.0,0.702,0.091368,-3.33715679246
0.71456,1.0,0.65,0.09279,-3.3363713943
0.71872,1.0,0.256,0.094266,-3.33558599614
0.722944,1.0,0.572,0.095814,-3.33480059798
0.727168,1.0,0.494,0.09738,-3.33322980165
0.731328,1.0,0.312,0.099072,-3.330088209
0.735552,1.0,0.52,0.100782,-3.32930281084
0.73984,1.0,0.598,0.102564,-3.32773201451
0.744128,1.0,0.494,0.104454,-3.3238050237
0.748416,1.0,0.546,0.106398,-3.32144882921
0.752704,1.0,0.676,0.108378,-3.31987803289
0.756992,1.0,0.754,0.11043,-3.31673644024
0.76128,-1.0,0.39,0.112554,-3.31280944942
0.765632,-1.0,0.494,0.114732,-3.31045325494
0.769984,-1.0,0.26,0.116946,-3.30652626412
0.774336,-1.0,0.234,0.11916,-3.30338467147
0.778752,-1.0,-0.208,0.12132,-3.30024307882
0.783168,-1.0,0.078,0.12348,-3.29553068985
0.787456,-1.0,0.156,0.125532,-3.29317449536
0.791872,-1.0,-0.13,0.127512,-3.29003290271
0.796288,-1.0,0.026,0.129456,-3.2861059119
0.800576,-1.0,-0.156,0.131292,-3.28217892109
0.805056,-1.0,-0.154,0.133074,-3.28060812476
0.809472,-1.0,-0.156,0.134784,-3.27825193028
0.813952,-1.0,-0.364,0.136386,-3.2735395413
0.818432,-1.0,-0.182,0.137844,-3.27275414314
0.822848,-1.0,-0.052,0.139266,-3.26961255049
0.8272,-1.0,-0.364,0.140544,-3.26647095784
0.83168,-1.0,-0.312,0.141696,-3.26568555968
0.83616,-1.0,-0.39,0.142704,-3.26490016151
0.840576,-1.0,-0.364,0.143694,-3.26175856886
0.845056,-1.0,-0.416,0.14445,-3.2609731707
0.849472,-1.0,-0.208,0.145098,-3.2609731707
0.853952,-1.0,-0.234,0.145656,-3.25783157805
0.858432,-1.0,-0.26,0.14607,-3.25861697621
0.862848,-1.0,-0.512,0.146376,-3.25940237438
0.867328,-1.0,-0.416,0.146592,-3.25783157805
0.871808,-1.0,-0.052,0.146718,-3.25783157805
0.87616,-1.0,-0.286,0.146718,-3.25940237438
0.880576,-1.0,-0.468,0.146682,-3.25783157805
0.885056,-1.0,-0.39,0.14652,-3.25861697621
0.889536,-1.0,-0.312,0.14625,-3.2609731707
0.893952,-1.0,-0.546,0.145998,-3.26018777254
0.898432,-1.0,-0.208,0.145656,-3.26018777254
0.902848,-1.0,-0.312,0.145206,-3.26175856886
0.907328,-1.0,-0.494,0.144738,-3.26254396703
0.911808,-1.0,-0.468,0.14418,-3.26254396703
0.916224,-1.0,-0.572,0.143532,-3.26490016151
0.920704,-1.0,-0.338,0.14283,-3.26647095784
0.925184,-1.0,-0.494,0.142092,-3.26647095784
0.9296,-1.0,-0.416,0.141264,-3.26961255049
0.93408,-1.0,-0.494,0.140382,-3.27039794865
0.938496,-1.0,-0.416,0.139428,-3.27118334681
0.942976,-1.0,-0.598,0.138402,-3.2735395413
0.947456,-1.0,-0.598,0.137304,-3.27589573579
0.951872,-1.0,-0.468,0.13617,-3.27589573579
0.956352,-1.0,-0.702,0.134928,-3.27903732844
0.960768,-1.0,-0.52,0.133632,-3.28217892109
0.965248,-1.0,-0.364,0.132282,-3.28296431925
0.969728,-1.0,-0.832,0.13086,-3.28532051374
0.974144,-1.0,-0.768,0.129348,-3.28846210639
0.978624,-1.0,-0.572,0.127782,-3.29081830088
0.98304,-1.0,-0.754,0.12618,-3.29317449536
0.98752,-1.0,-0.65,0.124452,-3.29474529169
0.992,-1.0,-0.546,0.122706,-3.29788688434
0.996416,-1.0,-0.512,0.12087,-3.30181387515
1.000896,-1.0,-0.546,0.11898,-3.30417006964
1.00544,-1.0,-0.65,0.117018,-3.30652626412
1.009984,1.0,-0.65,0.114894,-3.3112386531
1.014464,1.0,-0.182,0.112824,-3.31280944942
1.018944,1.0,-0.442,0.110736,-3.31516564391
1.02336,1.0,0.0,0.10863,-3.31909263473
1.027584,1.0,-0.364,0.106704,-3.32144882921
1.032064,1.0,0.156,0.104634,-3.32459042186
1.036416,1.0,0.0,0.102762,-3.32616121819
1.04064,1.0,0.026,0.10098,-3.32773201451
1.044928,1.0,0.052,0.099234,-3.32930281084
1.049152,1.0,0.312,0.097578,-3.33322980165
1.05344,1.0,0.13,0.095958,-3.33401519981
1.057728,1.0,0.026,0.0945,-3.33244440349
1.061952,1.0,0.182,0.09306,-3.33558599614
1.06624,1.0,-0.256,0.091692,-3.3363713943
1.070592,1.0,0.0,0.090468,-3.33401519981
1.074752,1.0,0.416,0.089388,-3.33480059798
1.07904,1.0,0.182,0.088362,-3.3363713943
1.083328,1.0,0.117,0.087444,-3.33322980165
1.087616,1.0,0.338,0.086652,-3.33244440349
1.091904,1.0,0.256,0.085914,-3.33244440349
1.096192,1.0,0.494,0.085392,-3.32851741268
1.10048,1.0,0.286,0.08496,-3.32616121819
1.104832,1.0,0.338,0.084582,-3.32616121819
1.10912,1.0,-0.026,0.084384,-3.32223422738
1.113408,1.0,0.052,0.084222,-3.31909263473
1.117632,1.0,0.338,0.084132,-3.31595104208
1.12192,1.0,0.0,0.084114,-3.31280944942
1.126016,1.0,0.468,0.084168,-3.30809706045
1.130304,1.0,0.208,0.08433,-3.3049554678
1.134592,1.0,0.52,0.084492,-3.30181387515
1.13888,1.0,0.468,0.084744,-3.29631608801
1.143168,1.0,0.468,0.08505,-3.29160369904
1.14752,1.0,0.598,0.08541,-3.28767670823
1.151808,1.0,0.624,0.085842,-3.28296431925
1.156096,1.0,0.364,0.086346,-3.27668113395
1.160384,1.0,0.624,0.086886,-3.27196874498
1.164672,1.0,0.364,0.08748,-3.267256356
1.16896,1.0,0.598,0.088146,-3.26018777254
1.173248,1.0,0.494,0.088884,-3.25390458724
1.177536,1.0,0.702,0.08964,-3.24997759642
1.181824,1.0,0.624,0.090504,-3.24133821664
1.186112,1.0,0.52,0.091422,-3.23505503134
1.190464,1.0,0.598,0.092358,-3.22877184604
1.194752,1.0,0.676,0.093402,-3.22170326258
1.19904,1.0,0.572,0.094482,-3.21542007728
1.203328,1.0,0.728,0.095616,-3.20756609565
1.207616,1.0,0.494,0.09684,-3.19971211402
1.211904,1.0,0.39,0.098064,-3.19421432689
1.216192,1.0,0.806,0.09936,-3.18714574342
1.22048,1.0,0.832,0.100764,-3.17850636364
1.224896,1.0,0.754,0.102222,-3.16986698385
1.229248,1.0,0.52,0.103734,-3.16201300223
1.233664,1.0,0.884,0.1053,-3.15337362244
1.238016,1.0,0.65,0.106956,-3.14473424265
1.242368,1.0,0.494,0.108648,-3.13688026102
1.246784,1.0,0.806,0.110394,-3.12745548308
1.251136,1.0,0.754,0.112212,-3.11881610329
1.255552,1.0,0.728,0.114084,-3.1101767235
1.259904,-1.0,0.65,0.11601,-3.10153734371
1.264384,-1.0,0.468,0.118008,-3.08975637128
1.268864,-1.0,0.468,0.120024,-3.08268778781
1.27328,-1.0,0.104,0.12204,-3.07169221354
1.27776,-1.0,-0.13,0.12402,-3.06383823191
1.282304,-1.0,-0.052,0.125982,-3.05519885213
1.286784,-1.0,-0.052,0.1278,-3.04655947234
1.291264,-1.0,-0.026,0.1296,-3.03556389806
1.295744,-1.0,0.026,0.131274,-3.02928071276
1.300096,-1.0,-0.208,0.132804,-3.0222121293
1.30464,-1.0,-0.078,0.134388,-3.01200195319
1.30912,-1.0,-0.156,0.135774,-3.00493336973
1.313664,-1.0,-0.182,0.137106,-2.99865018443
1.318208,-1.0,-0.208,0.138348,-2.99001080464
1.322752,-1.0,-0.078,0.139446,-2.98294222118
1.327232,-1.0,-0.572,0.140418,-2.9782298322
1.331776,-1.0,-0.286,0.141282,-2.97116124874
1.33632,-1.0,-0.468,0.141984,-2.96644885976
1.340864,-1.0,-0.442,0.142542,-2.96173647079
1.345408,-1.0,-0.26,0.14301,-2.95466788733
1.349952,-1.0,-0.256,0.143298,-2.95152629468
1.354496,-1.0,-0.416,0.143514,-2.94838470203
1.35904,-1.0,-0.208,0.143604,-2.94288691489
1.363584,-1.0,-0.286,0.143622,-2.93974532224
1.368192,-1.0,-0.364,0.14355,-2.93738912775
1.372736,-1.0,-0.208,0.14337,-2.93346213694
1.37728,-1.0,-0.312,0.143118,-2.93110594245
1.381824,-1.0,-0.494,0.142776,-2.92874974796
1.386368,-1.0,-0.286,0.142362,-2.92639355348
1.390912,-1.0,-0.416,0.141894,-2.92403735899
1.395456,-1.0,-0.546,0.141336,-2.92246656266
1.4,-1.0,-0.65,0.140706,-2.92089576634
1.404544,-1.0,-0.624,0.139986,-2.92089576634
1.409088,-1.0,-0.65,0.139212,-2.92011036818
1.413632,-1.0,-0.312,0.138348,-2.91853957185
1.41824,-1.0,-0.364,0.137412,-2.91932497001
1.422784,-1.0,-0.494,0.136386,-2.91932497001
1.427328,-1.0,-0.598,0.135324,-2.91853957185
1.431872,-1.0,-0.39,0.134154,-2.92011036818
1.436416,-1.0,-0.572,0.132912,-2.92089576634
1.44096,-1.0,-0.416,0.131616,-2.92089576634
1.445504,-1.0,-0.702,0.13023,-2.92325196083
1.450048,-1.0,-0.416,0.128754,-2.92560815531
1.454592,-1.0,-0.364,0.127224,-2.92560815531
1.459136,-1.0,-0.768,0.125622,-2.92953514613
1.46368,-1.0,-0.572,0.12393,-2.93189134061
1.468224,-1.0,-0.702,0.122184,-2.93346213694
1.472832,-1.0,-0.494,0.120348,-2.93738912775
1.477376,-1.0,-0.52,0.118404,-2.94210151673
1.48192,-1.0,-0.676,0.11646,-2.94288691489
1.486464,-1.0,-0.39,0.11439,-2.94759930386
1.491008,-1.0,-0.52,0.11223,-2.95388248916
1.495552,-1.0,-0.52,0.110034,-2.95545328549
1.500096,-1.0,-0.52,0.10773,-2.96016567446
1.50464,-1.0,-0.65,0.105336,-2.96644885976
1.509184,1.0,-0.676,0.10287,-2.97037585057
1.513664,1.0,-0.442,0.10044,-2.97587363771
1.518144,1.0,0.0,0.097902,-2.98137142485
1.52224,1.0,-0.104,0.095598,-2.98529841566
1.526656,1.0,0.0,0.093186,-2.99001080464
1.530752,1.0,-0.156,0.090918,-2.9970793881
1.535168,1.0,-0.052,0.088596,-3.00100637891
1.539456,1.0,0.0,0.086346,-3.00571876789
1.543552,1.0,0.338,0.084258,-3.01278735135
1.54784,1.0,0.234,0.082152,-3.01671434216
1.552128,1.0,0.182,0.080136,-3.01985593481
1.556416,1.0,0.182,0.07821,-3.02535372195
1.560704,1.0,0.39,0.07632,-3.03085150909
1.565056,1.0,0.026,0.07461,-3.03320770358
1.569216,1.0,0.13,0.07299,-3.03792009255
1.573504,1.0,0.208,0.071424,-3.04184708336
1.577856,1.0,0.39,0.070002,-3.04498867601
1.582144,1.0,0.208,0.068652,-3.04970106499
1.586432,1.0,0.26,0.067446,-3.05284265764
1.59072,1.0,0.286,0.066366,-3.05441345396
1.595008,1.0,0.442,0.06534,-3.05834044478
1.599296,1.0,0.182,0.064476,-3.06148203743
1.603584,1.0,0.416,0.06372,-3.06305283375
1.607872,1.0,0.624,0.063126,-3.06462363008
1.61216,1.0,0.494,0.062586,-3.06776522273
1.616448,1.0,0.256,0.062226,-3.06855062089
1.6208,1.0,0.208,0.061956,-3.06933601905
1.625088,1.0,0.0,0.061758,-3.07169221354
1.629184,1.0,0.39,0.061668,-3.07169221354
1.633472,1.0,0.39,0.06165,-3.0724776117
1.63776,1.0,0.494,0.061668,-3.07404840802
1.642048,1.0,0.416,0.061794,-3.07483380619
1.6464,1.0,0.598,0.061956,-3.07483380619
1.650688,1.0,0.702,0.06219,-3.07561920435
1.654976,1.0,0.312,0.062442,-3.07561920435
1.659264,1.0,0.572,0.062802,-3.07561920435
1.663552,1.0,0.416,0.06318,-3.07561920435
1.66784,1.0,0.624,0.063594,-3.07640460251
1.672128,1.0,0.512,0.064098,-3.07561920435
1.676416,1.0,0.572,0.064602,-3.07561920435
1.680704,1.0,0.52,0.065214,-3.07561920435
1.684992,1.0,0.624,0.065862,-3.07483380619
1.689344,1.0,0.676,0.066582,-3.07404840802
1.693632,1.0,0.78,0.067356,-3.07404840802
1.69792,1.0,0.468,0.068202,-3.07404840802
1.702208,1.0,0.546,0.06912,-3.07169221354
1.706496,1.0,0.546,0.070038,-3.07169221354
1.710784,1.0,0.768,0.071046,-3.07169221354
1.715072,1.0,0.884,0.072126,-3.06933601905
1.71936,1.0,0.512,0.073224,-3.06776522273
1.723648,1.0,0.78,0.074394,-3.06776522273
1.728,1.0,0.39,0.075618,-3.0661944264
1.732288,1.0,0.598,0.076932,-3.06383823191
1.736576,1.0,0.728,0.078264,-3.06226743559
1.740864,1.0,0.512,0.07965,-3.06148203743
1.745152,1.0,0.806,0.081126,-3.05834044478
1.74944,1.0,0.754,0.082638,-3.05676964845
1.753728,1.0,0.598,0.084186,-3.05519885213
1.758016,-1.0,0.572,0.085842,-3.05284265764
1.762432,-1.0,0.52,0.087552,-3.05048646315
1.766784,-1.0,0.078,0.08928,-3.04891566683
1.771072,-1.0,-0.256,0.090954,-3.04813026866
1.775552,-1.0,0.026,0.092682,-3.04420327785
1.77984,-1.0,-0.156,0.094284,-3.04263248153
1.78432,-1.0,-0.026,0.095886,-3.04263248153
1.788672,-1.0,-0.338,0.097416,-3.03949088888
1.793152,-1.0,-0.026,0.098892,-3.03870549071
1.797504,-1.0,-0.078,0.10026,-3.03870549071
1.801984,-1.0,-0.13,0.101574,-3.03713469439
1.806528,-1.0,-0.13,0.102798,-3.03634929623
1.811072,-1.0,-0.182,0.103932,-3.03634929623
1.81568,-1.0,-0.286,0.104922,-3.03713469439
1.820224,-1.0,-0.208,0.10584,-3.03634929623
1.824768,-1.0,-0.39,0.106596,-3.03713469439
1.829312,-1.0,-0.338,0.107208,-3.03870549071
1.833856,-1.0,-0.364,0.107712,-3.04027628704
1.8384,-1.0,-0.13,0.10809,-3.04184708336
1.842944,-1.0,-0.104,0.10836,-3.04341787969
1.847488,-1.0,-0.286,0.108486,-3.04577407418
1.852032,-1.0,-0.39,0.10854,-3.04813026866
1.856576,-1.0,-0.104,0.108504,-3.05048646315
1.86112,-1.0,-0.364,0.108378,-3.05441345396
1.865664,-1.0,-0.182,0.108162,-3.05834044478
1.870272,-1.0,-0.26,0.107856,-3.06148203743
1.874816,-1.0,-0.416,0.107496,-3.06462363008
1.87936,-1.0,-0.468,0.107082,-3.06933601905
1.883904,-1.0,-0.39,0.10656,-3.07326300986
1.888448,-1.0,-0.468,0.105966,-3.07719000067
1.892992,-1.0,-0.416,0.105282,-3.08190238965
1.897536,-1.0,-0.768,0.104544,-3.08661477862
1.90208,-1.0,-0.364,0.103698,-3.09211256576
1.906624,-1.0,-0.65,0.102834,-3.09682495474
1.911168,-1.0,-0.768,0.101862,-3.10310814004
1.915712,-1.0,-0.598,0.100818,-3.10782052901
1.92032,-1.0,-0.416,0.099702,-3.11331831615
1.924736,-1.0,-0.598,0.098514,-3.11960150145
1.929216,-1.0,-0.598,0.09729,-3.12509928859
1.933696,-1.0,-0.416,0.09594,-3.13216787205
1.938176,-1.0,-0.624,0.094608,-3.13766565919
1.942592,-1.0,-0.338,0.093132,-3.14394884449
1.947072,-1.0,-0.468,0.091584,-3.15180282611
1.951552,-1.0,-0.768,0.089982,-3.15730061325
1.956032,-1.0,-0.442,0.088326,-3.16436919671
1.960448,-1.0,-0.768,0.08658,-3.1730085765
1.964928,-1.0,-0.39,0.08478,-3.1792917618
1.969408,-1.0,-0.494,0.082908,-3.18636034526
1.973888,-1.0,-0.962,0.080946,-3.19342892872
1.978304,-1.0,-0.338,0.078948,-3.20128291035
1.982784,-1.0,-0.676,0.076842,-3.20992229014
1.987264,-1.0,-0.416,0.0747,-3.21777627176
1.991744,-1.0,-0.468,0.072468,-3.22720104971
1.99616,-1.0,-0.416,0.0702,-3.23348423501
2.00064,-1.0,-0.702,0.06786,-3.24369441112
2.00512,-1.0,-0.572,0.06543,-3.25076299459
2.0096,1.0,-1.092,0.063,-3.26018777254
2.014016,1.0,-0.468,0.060444,-3.267256356
2.018432,1.0,-0.468,0.057996,-3.27432493946
2.022784,1.0,0.026,0.055476,-3.28532051374
2.027008,1.0,0.052,0.053154,-3.29081830088
2.031232,1.0,-0.26,0.050868,-3.2986722825
2.035584,1.0,-0.256,0.048492,-3.30731166229
2.04,1.0,0.182,0.04626,-3.31438024575
2.044288,1.0,0.156,0.0441,-3.32301962554
2.048576,1.0,0.156,0.042048,-3.330088209
2.052864,1.0,0.234,0.040068,-3.33558599614
2.057152,1.0,0.104,0.038142,-3.34343997776
2.06144,1.0,0.234,0.036342,-3.34736696858
2.065728,1.0,0.364,0.034614,-3.35286475571
2.070016,1.0,0.256,0.032976,-3.35914794101
2.074368,1.0,0.312,0.031446,-3.36386032999
2.078656,1.0,0.026,0.030024,-3.36935811712
2.082816,1.0,0.256,0.028728,-3.3740705061
2.087168,1.0,0.39,0.027522,-3.37721209875
2.091456,1.0,0.104,0.026424,-3.3803536914
2.095744,1.0,0.416,0.02538,-3.3866368767
2.100032,1.0,0.494,0.024516,-3.38899307119
2.10432,1.0,0.234,0.02376,-3.38899307119
2.108608,1.0,0.364,0.023094,-3.392920062
2.112896,1.0,0.468,0.022536,-3.39684705281
2.117184,1.0,0.156,0.022194,-3.39527625649
2.121472,1.0,0.13,0.021888,-3.39763245098
2.12576,1.0,0.26,0.021618,-3.40077404363
2.130048,1.0,0.256,0.02151,-3.39998864546
2.1344,1.0,0.338,0.021474,-3.3992032473
2.138688,1.0,0.442,0.021474,-3.40155944179
2.142976,1.0,0.364,0.0216,-3.40155944179
2.147264,1.0,0.286,0.02178,-3.3992032473
2.151552,1.0,0.312,0.021996,-3.39998864546
2.15584,1.0,0.494,0.022284,-3.3992032473
2.160128,1.0,0.572,0.022662,-3.39606165465
2.164416,1.0,0.442,0.02304,-3.39606165465
2.168704,1.0,0.52,0.023472,-3.39684705281
2.172992,1.0,0.494,0.02403,-3.39213466384
2.177344,1.0,0.572,0.024606,-3.39056386751
2.181632,1.0,0.728,0.0252,-3.39056386751
2.18592,1.0,0.256,0.02592,-3.3866368767
2.190208,1.0,0.52,0.026676,-3.38349528405
2.194496,1.0,0.702,0.027504,-3.38113908956
2.198784,1.0,0.728,0.028368,-3.37799749691
2.203072,1.0,0.598,0.029322,-3.3740705061
2.20736,1.0,0.676,0.030348,-3.37092891345
2.211648,1.0,0.572,0.031392,-3.3677873208
2.215936,1.0,0.26,0.032544,-3.36228953366
2.220288,1.0,0.858,0.033732,-3.35836254285
2.224576,1.0,0.702,0.034956,-3.3552209502
2.228864,1.0,0.494,0.036288,-3.34972316306
2.233152,1.0,0.572,0.037638,-3.34343997776
2.23744,1.0,0.78,0.039024,-3.33872758879
2.241728,1.0,0.676,0.040482,-3.33480059798
2.246016,1.0,0.676,0.042066,-3.32694661635
2.250304,1.0,0.624,0.04365,-3.32223422738
2.254592,1.0,0.676,0.045252,-3.3175218384
2.258944,-1.0,0.676,0.04698,-3.30888245861
2.263296,-1.0,0.416,0.048816,-3.30024307882
2.267648,-1.0,0.338,0.050616,-3.29788688434
2.272064,-1.0,0.156,0.052416,-3.29160369904
2.276416,-1.0,0.026,0.054252,-3.28217892109
2.280704,-1.0,-0.256,0.055944,-3.27668113395
2.285184,-1.0,0.104,0.057672,-3.27118334681
2.289536,-1.0,0.0,0.059328,-3.26018777254
2.29376,-1.0,0.078,0.06084,-3.25704617989
2.298048,-1.0,-0.104,0.062262,-3.25390458724
2.302528,-1.0,-0.078,0.063756,-3.24369441112
2.306944,-1.0,-0.182,0.065052,-3.23741122583
2.31136,-1.0,-0.052,0.066258,-3.23505503134
2.315776,-1.0,-0.182,0.067392,-3.22798644788
2.320192,-1.0,-0.312,0.068454,-3.22013246625
2.324672,-1.0,-0.338,0.069282,-3.21856166993
2.329152,-1.0,-0.676,0.070056,-3.21227848463
2.333632,-1.0,-0.286,0.070704,-3.20599529933
2.338048,-1.0,-0.364,0.071172,-3.20363910484
2.342528,-1.0,-0.286,0.071568,-3.19892671586
2.347008,-1.0,-0.026,0.071838,-3.19342892872
2.35136,-1.0,-0.182,0.072018,-3.19107273424
2.35584,-1.0,-0.512,0.072126,-3.18714574342
2.36032,-1.0,-0.364,0.072144,-3.18321875261
2.3648,-1.0,-0.26,0.072054,-3.18086255813
2.369216,-1.0,-0.572,0.07191,-3.17772096548
2.373696,-1.0,-0.416,0.071712,-3.17379397466
2.378176,-1.0,-0.546,0.071388,-3.17222317834
2.382656,-1.0,-0.572,0.071046,-3.16829618753
2.387072,-1.0,-0.312,0.070632,-3.16593999304
2.391552,-1.0,-0.312,0.070128,-3.16515459488
2.396032,-1.0,-0.546,0.069606,-3.16122760406
2.400512,-1.0,-0.624,0.069012,-3.15887140958
2.404928,-1.0,-0.442,0.068292,-3.15808601141
2.409408,-1.0,-0.78,0.067572,-3.15572981693
2.413888,-1.0,-0.598,0.066762,-3.1541590206
2.418368,-1.0,-0.768,0.065844,-3.15337362244
2.422848,-1.0,-0.546,0.06489,-3.15101742795
2.427264,-1.0,-0.572,0.063864,-3.14944663163
2.431744,-1.0,-0.338,0.062766,-3.14944663163
2.436224,-1.0,-0.52,0.061578,-3.14944663163
2.440704,-1.0,-0.468,0.060354,-3.14709043714
2.44512,-1.0,-0.91,0.059058,-3.14630503898
2.4496,-1.0,-0.728,0.057672,-3.14709043714
2.45408,-1.0,-0.709,0.056232,-3.14630503898
2.45856,-1.0,-0.65,0.054738,-3.14551964081
2.462976,-1.0,-0.494,0.053118,-3.14630503898
2.467456,-1.0,-0.572,0.051498,-3.14709043714
2.471936,-1.0,-0.676,0.049752,-3.14709043714
2.476416,-1.0,-0.624,0.04797,-3.14709043714
2.480832,-1.0,-0.39,0.046062,-3.14866123346
2.485312,-1.0,-0.768,0.044136,-3.14866123346
2.489792,-1.0,-0.624,0.042102,-3.15023202979
2.494272,-1.0,-0.52,0.039996,-3.15101742795
2.498688,-1.0,-0.468,0.037818,-3.15258822428
2.503168,-1.0,-0.832,0.03555,-3.15494441876
2.507648,1.0,-0.598,0.033264,-3.15572981693
2.512,1.0,-0.364,0.030906,-3.15808601141
2.516416,1.0,-0.182,0.028548,-3.15887140958
2.520768,1.0,0.0,0.026172,-3.16201300223
2.524928,1.0,-0.104,0.023994,-3.16201300223
2.52928,1.0,0.052,0.021708,-3.16436919671
2.533504,1.0,-0.182,0.01953,-3.16593999304
2.537856,1.0,0.182,0.01737,-3.16751078936
2.542144,1.0,0.312,0.0153,-3.16829618753
2.546432,1.0,-0.078,0.013302,-3.16986698385
2.550784,1.0,0.338,0.011394,-3.16986698385
2.555072,1.0,0.26,0.00954,-3.17143778018
2.559232,1.0,0.156,0.00783,-3.17222317834
2.563456,1.0,0.468,0.006228,-3.17065238201
2.56768,1.0,0.256,0.004716,-3.17143778018
2.571904,1.0,0.39,0.003258,-3.1730085765
2.576128,1.0,0.312,0.001944,-3.16986698385
2.580288,1.0,0.338,0.000738,-3.16908158569
2.584448,1.0,0.156,-0.000396,-3.17065238201
2.588672,1.0,0.39,-0.001404,-3.16829618753
2.59296,1.0,0.256,-0.002322,-3.16436919671
2.597248,1.0,0.312,-0.003132,-3.16436919671
2.601536,1.0,0.572,-0.003834,-3.16279840039
2.605824,1.0,0.546,-0.004338,-3.15808601141
2.610112,1.0,0.364,-0.004752,-3.15651521509
2.6144,1.0,0.442,-0.005094,-3.15651521509
2.618688,1.0,0.208,-0.00522,-3.15023202979
2.622976,1.0,0.338,-0.005346,-3.14709043714
2.627264,1.0,0.0,-0.0054,-3.14551964081
2.631424,1.0,0.39,-0.005382,-3.14002185367
2.635712,1.0,0.182,-0.005292,-3.13688026102
2.64,1.0,0.39,-0.005184,-3.13373866837
2.644288,1.0,0.26,-0.00495,-3.12824088124
2.648576,1.0,0.572,-0.00468,-3.12431389043
2.652864,1.0,0.234,-0.004356,-3.12038689961
2.657216,1.0,0.312,-0.00396,-3.11410371431
2.661504,1.0,0.494,-0.003528,-3.10939132534
2.665792,1.0,0.416,-0.003042,-3.10703513085
2.67008,1.0,0.572,-0.002466,-3.10075194555
2.674368,1.0,0.598,-0.001836,-3.09368336209
2.678656,1.0,0.78,-0.00117,-3.09054176944
2.682944,1.0,0.512,-0.000414,-3.08582938046
2.687168,1.0,0.416,0.000378,-3.07954619516
2.691264,1.0,0.65,0.001206,-3.07404840802
2.695488,1.0,0.598,0.002088,-3.06933601905
2.699712,1.0,0.256,0.003042,-3.06305283375
2.703936,1.0,0.512,0.004068,-3.05755504661
2.708096,1.0,0.78,0.005094,-3.05127186131
2.71232,1.0,0.702,0.00621,-3.04655947234
2.716544,1.0,0.52,0.00738,-3.03949088888
2.720768,1.0,0.832,0.008568,-3.0347784999
2.724992,1.0,0.52,0.009846,-3.02692451827
2.729152,1.0,0.52,0.01116,-3.02064133297
2.73344,1.0,0.494,0.012528,-3.01514354584
2.737792,1.0,0.858,0.013968,-3.0096457587
2.74208,1.0,0.494,0.015462,-3.00257717524
2.746368,1.0,0.624,0.016992,-2.99550859178
2.750656,1.0,0.728,0.018594,-2.98844000831
2.754944,1.0,0.546,0.02025,-2.98137142485
2.759232,-1.0,0.52,0.021942,-2.97508823955
2.763648,-1.0,0.65,0.023742,-2.96959045241
2.768,-1.0,0.312,0.025542,-2.96252186895
2.772352,-1.0,0.26,0.027306,-2.95623868365
2.776768,-1.0,0.26,0.02907,-2.94838470203
2.78112,-1.0,0.234,0.03078,-2.94210151673
2.785536,-1.0,0.078,0.0324,-2.93738912775
2.789824,-1.0,0.0,0.03393,-2.93267673878
2.794048,-1.0,0.078,0.03537,-2.92482275715
2.798336,-1.0,0.078,0.036774,-2.92089576634
2.802624,-1.0,-0.052,0.038052,-2.91696877553
2.806976,-1.0,0.0,0.039312,-2.90990019206
2.8112,-1.0,-0.208,0.04041,-2.90597320125
2.81568,-1.0,-0.104,0.041454,-2.9028316086
2.82016,-1.0,-0.512,0.042426,-2.89811921963
2.824576,-1.0,-0.234,0.043236,-2.89497762698
2.829056,-1.0,-0.338,0.043902,-2.89340683065
2.833536,-1.0,-0.39,0.044478,-2.88869444168
2.838016,-1.0,-0.182,0.04491,-2.88633824719
2.842432,-1.0,-0.512,0.045216,-2.88633824719
2.846912,-1.0,-0.286,0.04545,-2.8839820527
2.851392,-1.0,-0.208,0.045558,-2.88162585821
2.855872,-1.0,-0.234,0.045558,-2.88241125638
2.860288,-1.0,-0.512,0.045468,-2.88084046005
2.864768,-1.0,-0.512,0.045306,-2.88005506189
2.869248,-1.0,-0.416,0.045036,-2.88084046005
2.873728,-1.0,-0.416,0.044748,-2.88084046005
2.878144,-1.0,-0.338,0.04437,-2.88005506189
2.882624,-1.0,-0.416,0.04392,-2.88241125638
2.887104,-1.0,-0.598,0.04338,-2.8839820527
2.891584,-1.0,-0.512,0.042804,-2.8839820527
2.896,-1.0,-0.39,0.042102,-2.88633824719
2.90048,-1.0,-0.494,0.041328,-2.88869444168
2.90496,-1.0,-0.39,0.040536,-2.88947983984
2.90944,-1.0,-0.598,0.0396,-2.89419222881
2.913856,-1.0,-0.754,0.03861,-2.8965484233
2.918336,-1.0,-0.702,0.03753,-2.89969001595
2.922816,-1.0,-0.364,0.036378,-2.90204621044
2.927296,-1.0,-0.52,0.035154,-2.90675859941
2.931712,-1.0,-0.676,0.03384,-2.90990019206
2.936192,-1.0,-0.52,0.032472,-2.91461258104
2.940672,-1.0,-0.39,0.030996,-2.91932497001
2.945152,-1.0,-0.676,0.029484,-2.92482275715
2.949632,-1.0,-0.754,0.027846,-2.92874974796
2.954048,-1.0,-0.416,0.026172,-2.93503293326
2.958528,-1.0,-0.768,0.024408,-2.93974532224
2.963008,-1.0,-0.364,0.022554,-2.94602850754
2.967488,-1.0,-0.494,0.020646,-2.95231169284
2.971904,-1.0,-0.494,0.01863,-2.95859487814
2.976384,-1.0,-0.598,0.016578,-2.96409266527
2.980864,-1.0,-0.52,0.014418,-2.97273204506
2.985344,-1.0,-0.364,0.012168,-2.97901523036
2.98976,-1.0,-0.754,0.009882,-2.98608381383
2.994176,-1.0,-0.442,0.007506,-2.99472319361
2.998528,-1.0,-0.676,0.00513,-3.00179177708
3.002944,-1.0,-0.676,0.00261,-3.0096457587
3.007296,1.0,-0.728,5.4e-05,-3.01749974032
3.011456,1.0,-0.234,-0.002394,-3.02456832379
3.015808,1.0,-0.13,-0.005004,-3.03242230541
3.02016,1.0,-0.026,-0.00765,-3.04263248153
3.024512,1.0,-0.182,-0.010206,-3.05127186131
3.028928,1.0,0.078,-0.01278,-3.05834044478
3.033216,1.0,0.156,-0.015228,-3.0661944264
3.037632,1.0,0.13,-0.017658,-3.07640460251
3.041984,1.0,0.078,-0.019998,-3.08268778781
3.046272,1.0,0.104,-0.02223,-3.09054176944
3.050688,1.0,0.13,-0.024444,-3.09918114923
3.05504,1.0,0.156,-0.026514,-3.10546433453
3.059456,1.0,0.156,-0.02853,-3.11331831615
3.063808,1.0,0.156,-0.030438,-3.12117229778
3.068224,1.0,0.286,-0.032238,-3.12588468675
3.072576,1.0,0.104,-0.033966,-3.13295327021
3.076928,1.0,0.286,-0.035532,-3.13923645551
3.081344,1.0,0.286,-0.037044,-3.14551964081
3.085696,1.0,0.26,-0.038394,-3.15101742795
3.090112,1.0,0.208,-0.039654,-3.15808601141
3.094464,1.0,0.39,-0.040824,-3.16358379855
3.09888,1.0,0.338,-0.041814,-3.1667253912
3.103232,1.0,0.338,-0.04275,-3.1730085765
3.107648,1.0,0.598,-0.04356,-3.17772096548
3.112,1.0,0.468,-0.044154,-3.18007715996
3.116352,1.0,0.494,-0.044694,-3.18478954894
3.120768,1.0,0.26,-0.045126,-3.18950193791
3.12512,1.0,0.256,-0.045378,-3.1918581324
3.129536,1.0,0.364,-0.045594,-3.19499972505
3.133888,1.0,0.256,-0.045684,-3.1981413177
3.138304,1.0,0.416,-0.045702,-3.20049751219
3.142656,1.0,0.39,-0.045684,-3.20363910484
3.147008,1.0,0.156,-0.04554,-3.20520990116
3.151424,1.0,0.442,-0.04536,-3.20678069749
3.155776,1.0,0.572,-0.045126,-3.20913689198
3.160192,1.0,0.286,-0.044802,-3.2107076883
3.164544,1.0,0.52,-0.044406,-3.21149308646
3.16896,1.0,0.442,-0.043974,-3.21384928095
3.173312,1.0,0.52,-0.043488,-3.21463467911
3.177664,1.0,0.598,-0.042894,-3.21463467911
3.18208,1.0,0.546,-0.042264,-3.2169908736
3.186432,1.0,0.676,-0.04158,-3.21777627176
3.190848,1.0,0.52,-0.040806,-3.2169908736
3.1952,1.0,0.494,-0.039996,-3.2169908736
3.199616,1.0,0.572,-0.039096,-3.21856166993
3.203968,1.0,0.512,-0.038124,-3.21777627176
3.20832,1.0,0.572,-0.037098,-3.21620547544
3.212736,1.0,0.78,-0.036036,-3.2169908736
3.217088,1.0,0.512,-0.034866,-3.21620547544
3.221504,1.0,0.39,-0.033624,-3.21542007728
3.225856,1.0,0.468,-0.032382,-3.21463467911
3.230272,1.0,0.65,-0.031032,-3.21306388279
3.234624,1.0,0.624,-0.029646,-3.21149308646
3.238976,1.0,0.702,-0.028188,-3.2107076883
3.243392,1.0,0.676,-0.02664,-3.20913689198
3.247744,1.0,0.806,-0.025038,-3.20599529933
3.25216,1.0,0.858,-0.0234,-3.20520990116
3.256512,1.0,0.52,-0.021672,-3.20206830851
3.260928,-1.0,0.702,-0.019854,-3.19971211402
3.265344,-1.0,0.26,-0.018,-3.19735591954
3.269824,-1.0,0.13,-0.01611,-3.19578512321
3.274304,-1.0,0.0,-0.014184,-3.1918581324
3.278592,-1.0,0.052,-0.01242,-3.18950193791
3.282944,-1.0,-0.182,-0.010638,-3.18714574342
3.287552,-1.0,-0.256,-0.00882,-3.18400415078
3.291968,-1.0,0.052,-0.007146,-3.18321875261
3.296256,-1.0,-0.078,-0.005562,-3.18164795629
3.300672,-1.0,-0.156,-0.003996,-3.17850636364
3.305152,-1.0,-0.286,-0.002556,-3.17615016915
3.309568,-1.0,-0.156,-0.001188,-3.17615016915
3.314048,-1.0,-0.598,9e-05,-3.1730085765
3.318272,-1.0,-0.13,0.001206,-3.17143778018
3.322624,-1.0,-0.364,0.002196,-3.1730085765
3.32704,-1.0,-0.572,0.003132,-3.17065238201
3.331392,-1.0,-0.572,0.003924,-3.16986698385
3.335808,-1.0,-0.234,0.004554,-3.17143778018
3.34016,-1.0,-0.208,0.005076,-3.17143778018
3.344576,-1.0,-0.468,0.005508,-3.16986698385
3.348928,-1.0,-0.104,0.005778,-3.17222317834
3.35328,-1.0,-0.156,0.006012,-3.17379397466
3.357696,-1.0,-0.312,0.00612,-3.17379397466
3.362048,-1.0,-0.364,0.006138,-3.17536477099
3.366464,-1.0,-0.512,0.00603,-3.17693556731
3.370816,-1.0,-0.338,0.005868,-3.17772096548
3.375232,-1.0,-0.234,0.005616,-3.18007715996
3.379584,-1.0,-0.416,0.005292,-3.18243335445
3.383936,-1.0,-0.416,0.004914,-3.18478954894
3.388352,-1.0,-0.338,0.004446,-3.18636034526
3.392704,-1.0,-0.546,0.003924,-3.18871653975
3.39712,-1.0,-0.512,0.00333,-3.19107273424
3.401472,-1.0,-0.442,0.002682,-3.19499972505
3.405888,-1.0,-0.468,0.001962,-3.19735591954
3.41024,-1.0,-0.494,0.00117,-3.19971211402
3.414592,-1.0,-0.468,0.00036,-3.20285370668
3.418944,-1.0,-0.468,-0.000576,-3.20599529933
3.423296,-1.0,-0.468,-0.001548,-3.20913689198
3.427776,-1.0,-0.416,-0.00261,-3.21227848463
3.432192,-1.0,-0.598,-0.003762,-3.21777627176
3.436672,-1.0,-0.624,-0.004932,-3.22013246625
3.441152,-1.0,-0.52,-0.00621,-3.22405945706
3.445632,-1.0,-0.286,-0.007542,-3.22798644788
3.450112,-1.0,-0.754,-0.008946,-3.23191343869
3.454528,-1.0,-0.754,-0.010404,-3.2358404295
3.459072,-1.0,-0.39,-0.011952,-3.2421236148
3.463616,-1.0,-0.494,-0.013608,-3.24605060561
3.468224,-1.0,-0.806,-0.0153,-3.24919219826
3.472768,-1.0,-0.416,-0.017082,-3.2546899854
3.477312,-1.0,-0.702,-0.018936,-3.26018777254
3.481856,-1.0,-0.494,-0.020844,-3.26490016151
3.4864,-1.0,-0.52,-0.022824,-3.26882715233
3.490944,-1.0,-0.624,-0.02493,-3.27589573579
3.495488,-1.0,-0.65,-0.027054,-3.2798227266
3.500032,-1.0,-0.572,-0.02925,-3.28453511558
3.504576,-1.0,-0.65,-0.031518,-3.2923890972
3.50912,1.0,-0.572,-0.033912,-3.29710148618
3.5136,1.0,-0.468,-0.036252,-3.30024307882
3.51808,1.0,-0.39,-0.038646,-3.30652626412
3.52256,1.0,-0.052,-0.04104,-3.31359484759
3.526912,1.0,-0.13,-0.04329,-3.31673644024
3.531392,1.0,0.026,-0.045612,-3.32301962554
3.53568,1.0,0.078,-0.047754,-3.32773201451
3.539968,1.0,-0.052,-0.049806,-3.33165900533
3.544384,1.0,0.13,-0.051858,-3.33558599614
3.548736,1.0,-0.13,-0.05382,-3.34029838511
3.553216,1.0,0.052,-0.05571,-3.34343997776
3.557504,1.0,0.156,-0.057456,-3.34658157041
3.561856,1.0,0.286,-0.05913,-3.34972316306
3.566272,1.0,0.13,-0.060696,-3.35286475571
3.570624,1.0,0.338,-0.06219,-3.35443555204
3.57504,1.0,0.312,-0.063558,-3.35679174652
3.579392,1.0,0.208,-0.0648,-3.35993333917
3.583808,1.0,0.312,-0.06597,-3.36071873734
3.58816,1.0,0.0,-0.066996,-3.36071873734
3.592384,1.0,0.442,-0.067896,-3.36228953366
3.596736,1.0,0.364,-0.068706,-3.36307493182
3.601152,1.0,0.0,-0.069354,-3.3615041355
3.605312,1.0,0.494,-0.069894,-3.36228953366
3.609728,1.0,0.234,-0.070326,-3.36228953366
3.61408,1.0,0.13,-0.070614,-3.36071873734
3.618496,1.0,0.0,-0.07083,-3.35914794101
3.622656,1.0,0.052,-0.070938,-3.35757714469
3.627008,1.0,0.208,-0.070974,-3.3552209502
3.63136,1.0,0.494,-0.070956,-3.35286475571
3.635712,1.0,0.26,-0.070848,-3.35207935755
3.640128,1.0,0.546,-0.070704,-3.34815236674
3.64448,1.0,0.546,-0.07047,-3.34501077409
3.648896,1.0,0.442,-0.0702,-3.3426545796
3.653248,1.0,0.546,-0.069894,-3.33872758879
3.657664,1.0,0.208,-0.069462,-3.33480059798
3.662016,1.0,0.26,-0.069012,-3.33165900533
3.666368,1.0,0.728,-0.06849,-3.32773201451
3.670784,1.0,0.442,-0.06786,-3.32223422738
3.675136,1.0,0.702,-0.067176,-3.31830723656
3.679552,1.0,0.676,-0.066456,-3.31438024575
3.683904,1.0,0.754,-0.06561,-3.30731166229
3.68832,1.0,0.52,-0.064746,-3.30417006964
3.692672,1.0,0.754,-0.063792,-3.29945768066
3.697088,1.0,0.39,-0.062784,-3.29081830088
3.70144,1.0,0.624,-0.061722,-3.28689131006
3.705792,1.0,0.728,-0.060588,-3.28217892109
3.710208,1.0,0.39,-0.059364,-3.27432493946
3.71456,1.0,0.65,-0.058086,-3.26804175416
3.718976,1.0,0.416,-0.056808,-3.26254396703
3.723328,1.0,0.256,-0.055368,-3.25390458724
3.727744,1.0,0.754,-0.05391,-3.24683600377
3.732096,1.0,0.832,-0.052434,-3.24133821664
3.736448,1.0,0.546,-0.050832,-3.23269883685
3.740864,1.0,0.754,-0.049212,-3.22405945706
3.745216,1.0,0.512,-0.04752,-3.21856166993
3.749632,1.0,0.65,-0.04572,-3.20913689198
3.753984,1.0,0.65,-0.04392,-3.20128291035
3.7584,-1.0,0.754,-0.042066,-3.19342892872
3.762816,-1.0,0.312,-0.040086,-3.18478954894
3.767296,-1.0,0.0,-0.038088,-3.17457937283
3.771584,-1.0,0.182,-0.036216,-3.16986698385
3.776064,-1.0,0.026,-0.034272,-3.15965680774
3.780416,-1.0,0.026,-0.032382,-3.15023202979
3.784832,-1.0,-0.104,-0.030618,-3.14394884449
3.789376,-1.0,-0.156,-0.028764,-3.13609486286
3.79392,-1.0,-0.13,-0.027036,-3.12588468675
3.798464,-1.0,-0.026,-0.025416,-3.11881610329
3.802944,-1.0,-0.156,-0.023832,-3.10939132534
3.807488,-1.0,-0.208,-0.022392,-3.10467893636
3.812032,-1.0,-0.286,-0.021024,-3.0976103529
3.816576,-1.0,-0.286,-0.019764,-3.08897097311
3.82112,-1.0,-0.364,-0.018648,-3.08268778781
3.825664,-1.0,-0.52,-0.017604,-3.07640460251
3.830208,-1.0,-0.26,-0.01674,-3.07012141721
3.834816,-1.0,-0.546,-0.016002,-3.06540902824
3.83936,-1.0,-0.234,-0.015426,-3.06069663926
3.843904,-1.0,-0.26,-0.014922,-3.0536280558
3.848448,-1.0,-0.13,-0.01458,-3.05048646315
3.852992,-1.0,-0.26,-0.014364,-3.04655947234
3.857536,-1.0,-0.26,-0.014202,-3.0410616852
3.86208,-1.0,-0.208,-0.014148,-3.03713469439
3.866624,-1.0,-0.312,-0.014184,-3.0347784999
3.871168,-1.0,-0.39,-0.01431,-3.03085150909
3.875712,-1.0,-0.364,-0.014526,-3.0284953146
3.880256,-1.0,-0.52,-0.014814,-3.02456832379
3.884864,-1.0,-0.52,-0.015174,-3.02142673114
3.889408,-1.0,-0.364,-0.015642,-3.02064133297
3.893952,-1.0,-0.598,-0.016146,-3.01671434216
3.898496,-1.0,-0.286,-0.016722,-3.01514354584
3.90304,-1.0,-0.442,-0.017388,-3.01435814768
3.907584,-1.0,-0.858,-0.018126,-3.01278735135
3.912128,-1.0,-0.65,-0.018918,-3.01121655503
3.916672,-1.0,-0.494,-0.019818,-3.01121655503
3.921216,-1.0,-0.624,-0.02079,-3.0096457587
3.92576,-1.0,-0.676,-0.021834,-3.00807496238
3.930304,-1.0,-0.65,-0.022968,-3.0096457587
3.934912,-1.0,-0.65,-0.024138,-3.00886036054
3.939456,-1.0,-0.39,-0.025398,-3.00807496238
3.944,-1.0,-0.52,-0.026784,-3.0096457587
3.948544,-1.0,-0.624,-0.028188,-3.01043115686
3.953088,-1.0,-0.52,-0.029664,-3.01043115686
3.957632,-1.0,-0.546,-0.03123,-3.01200195319
3.962176,-1.0,-0.768,-0.032904,-3.01357274951
3.96672,-1.0,-0.624,-0.034632,-3.01514354584
3.971264,-1.0,-0.338,-0.036414,-3.015928944
3.975808,-1.0,-0.468,-0.038304,-3.01828513849
3.980416,-1.0,-0.65,-0.040284,-3.02142673114
3.98496,-1.0,-0.546,-0.042318,-3.02299752746
3.989504,-1.0,-0.768,-0.044424,-3.02535372195
3.994048,-1.0,-0.494,-0.046602,-3.02928071276
3.998592,-1.0,-0.572,-0.04887,-3.03085150909
4.003136,-1.0,-0.442,-0.051192,-3.03634929623
4.00768,1.0,-0.468,-0.053658,-3.04027628704
4.01216,1.0,-0.364,-0.056016,-3.04184708336
4.01664,1.0,-0.208,-0.058482,-3.04577407418
4.021056,1.0,-0.13,-0.060948,-3.05127186131
4.025536,1.0,-0.104,-0.063324,-3.0536280558
4.030016,1.0,0.052,-0.0657,-3.05755504661
4.034304,1.0,0.182,-0.067932,-3.06226743559
4.038656,1.0,-0.052,-0.070092,-3.06383823191
4.043072,1.0,0.078,-0.072216,-3.06697982456
4.04736,1.0,0.208,-0.074268,-3.07169221354
4.051712,1.0,0.13,-0.076176,-3.07404840802
4.056128,1.0,0.052,-0.078066,-3.07719000067
4.060416,1.0,0.286,-0.079812,-3.08033159332
4.064768,1.0,0.338,-0.081522,-3.08268778781
4.069184,1.0,0.104,-0.08307,-3.08268778781
4.073536,1.0,0.078,-0.084546,-3.08740017679
4.077824,1.0,0.0,-0.08595,-3.08975637128
4.082048,1.0,0.26,-0.087102,-3.08897097311
4.086464,1.0,0.0,-0.088272,-3.09054176944
4.090624,1.0,0.312,-0.089316,-3.09289796393
4.09504,1.0,0.364,-0.090198,-3.09368336209
4.099392,1.0,0.572,-0.091026,-3.09368336209
4.103808,1.0,0.442,-0.091692,-3.09446876025
4.10816,1.0,0.52,-0.092214,-3.09368336209
4.112576,1.0,0.208,-0.092664,-3.09368336209
4.116928,1.0,0.052,-0.09297,-3.09368336209
4.121216,1.0,0.0,-0.093186,-3.09368336209
4.12544,1.0,0.286,-0.09333,-3.09289796393
4.129792,1.0,0.286,-0.093366,-3.0913271676
4.134208,1.0,0.364,-0.093366,-3.0913271676
4.13856,1.0,0.312,-0.093222,-3.08975637128
4.142976,1.0,0.442,-0.093042,-3.08740017679
4.147328,1.0,0.39,-0.092844,-3.08661477862
4.15168,1.0,0.65,-0.092538,-3.08425858414
4.156096,1.0,0.676,-0.092196,-3.08268778781
4.160448,1.0,0.702,-0.0918,-3.08190238965
4.164864,1.0,0.676,-0.09135,-3.08033159332
4.169216,1.0,0.39,-0.090828,-3.07797539884
4.173568,1.0,0.468,-0.09027,-3.07561920435
4.177984,1.0,0.676,-0.089658,-3.07404840802
4.182336,1.0,0.624,-0.088974,-3.07012141721
4.186752,1.0,0.65,-0.088254,-3.06855062089
4.191104,1.0,0.624,-0.08748,-3.06697982456
4.19552,1.0,0.676,-0.086616,-3.06305283375
4.199872,1.0,0.624,-0.08568,-3.0599112411
4.204224,1.0,0.65,-0.084726,-3.05834044478
4.20864,1.0,0.52,-0.0837,-3.05519885213
4.212992,1.0,0.338,-0.082584,-3.05127186131
4.217408,1.0,0.78,-0.08145,-3.04891566683
4.22176,1.0,0.572,-0.080226,-3.04655947234
4.226176,1.0,0.598,-0.078966,-3.04341787969
4.230528,1.0,0.65,-0.077634,-3.03870549071
4.23488,1.0,0.728,-0.07623,-3.03634929623
4.239296,1.0,0.702,-0.074844,-3.03242230541
4.243648,1.0,0.624,-0.073332,-3.02770991644
4.248064,1.0,0.806,-0.071784,-3.02456832379
4.252416,1.0,0.624,-0.070164,-3.02064133297
4.256832,1.0,0.858,-0.06849,-3.01749974032
4.261184,-1.0,0.832,-0.066798,-3.01357274951
4.265664,-1.0,0.338,-0.064944,-3.00807496238
4.27008,-1.0,0.256,-0.063144,-3.00650416605
4.27456,-1.0,-0.052,-0.061344,-3.00257717524
4.27904,-1.0,0.13,-0.059526,-2.9970793881
4.28352,-1.0,0.026,-0.057816,-2.99472319361
4.287872,-1.0,-0.026,-0.056178,-2.99158160096
4.292352,-1.0,0.0,-0.054576,-2.98686921199
4.29664,-1.0,0.078,-0.0531,-2.9845130175
4.300992,-1.0,-0.156,-0.051696,-2.98294222118
4.3056,-1.0,-0.234,-0.05031,-2.97980062853
4.310144,-1.0,0.0,-0.049014,-2.97744443404
4.314432,-1.0,-0.234,-0.047916,-2.97587363771
4.318976,-1.0,-0.39,-0.046854,-2.97508823955
4.32352,-1.0,-0.156,-0.045882,-2.97273204506
4.328064,-1.0,-0.494,-0.045108,-2.97273204506
4.332608,-1.0,-0.338,-0.044424,-2.97273204506
4.337152,-1.0,-0.338,-0.043884,-2.97116124874
4.341696,-1.0,-0.182,-0.043506,-2.9719466469
4.34624,-1.0,-0.026,-0.0432,-2.97273204506
4.35072,-1.0,-0.13,-0.043002,-2.97430284139
4.355264,-1.0,-0.26,-0.042912,-2.97587363771
4.359808,-1.0,-0.512,-0.042894,-2.97665903588
4.364352,-1.0,-0.208,-0.043002,-2.9782298322
4.368896,-1.0,-0.286,-0.043182,-2.98058602669
4.37344,-1.0,-0.364,-0.043452,-2.98215682301
4.378048,-1.0,-0.468,-0.043794,-2.9845130175
4.382592,-1.0,-0.338,-0.044226,-2.98922540648
4.387136,-1.0,-0.624,-0.04473,-2.9907962028
4.39168,-1.0,-0.52,-0.04527,-2.99393779545
4.396224,-1.0,-1.024,-0.045936,-2.99943558259
4.400832,-1.0,-0.572,-0.046656,-3.00257717524
4.405376,-1.0,-0.52,-0.047448,-3.00650416605
4.40992,-1.0,-0.768,-0.04833,-3.01200195319
4.414528,-1.0,-0.624,-0.049284,-3.015928944
4.419072,-1.0,-0.512,-0.05031,-3.01985593481
4.423616,-1.0,-0.624,-0.051408,-3.02535372195
4.42816,-1.0,-0.572,-0.052614,-3.03085150909
4.432704,-1.0,-0.676,-0.053838,-3.03634929623
4.437248,-1.0,-0.442,-0.05517,-3.0410616852
4.441792,-1.0,-0.416,-0.056592,-3.0473448705
4.446336,-1.0,-0.702,-0.058068,-3.05441345396
4.45088,-1.0,-0.442,-0.059616,-3.0599112411
4.455424,-1.0,-0.416,-0.061254,-3.0661944264
4.459968,-1.0,-0.572,-0.062982,-3.07404840802
4.464512,-1.0,-0.442,-0.064746,-3.08033159332
4.46912,-1.0,-0.768,-0.0666,-3.08740017679
4.473664,-1.0,-0.416,-0.06858,-3.09525415841
4.478208,-1.0,-0.624,-0.070578,-3.10232274188
4.482752,-1.0,-0.65,-0.072684,-3.11096212166
4.487296,-1.0,-0.39,-0.074826,-3.11881610329
4.49184,-1.0,-0.546,-0.077094,-3.12667008491
4.496384,-1.0,-0.52,-0.079398,-3.13373866837
4.500928,-1.0,-0.468,-0.081774,-3.14394884449
4.505472,-1.0,-0.624,-0.08424,-3.15180282611
4.510016,1.0,-0.78,-0.086742,-3.1604422059
4.514496,1.0,-0.208,-0.089352,-3.17065238201
4.518976,1.0,-0.286,-0.091854,-3.17772096548
4.523456,1.0,-0.078,-0.094428,-3.18793114159
4.527808,1.0,0.026,-0.096912,-3.19578512321
4.532096,1.0,0.052,-0.099306,-3.20363910484
4.536384,1.0,0.13,-0.10161,-3.21149308646
4.540864,1.0,0.0,-0.104004,-3.22013246625
4.545152,1.0,0.104,-0.106182,-3.22798644788
4.549632,1.0,0.026,-0.108378,-3.23505503134
4.553984,1.0,0.13,-0.110466,-3.24290901296
4.558464,1.0,0.208,-0.112482,-3.25154839275
4.562944,1.0,0.234,-0.11439,-3.25626078172
4.567424,1.0,0.078,-0.116208,-3.26490016151
4.571776,1.0,0.416,-0.1179,-3.26961255049
4.576256,1.0,0.0,-0.119466,-3.27589573579
4.580544,1.0,0.442,-0.120924,-3.28296431925
4.585024,1.0,0.312,-0.122292,-3.28767670823
4.58944,1.0,0.338,-0.123552,-3.29160369904
4.59392,1.0,0.39,-0.124704,-3.2986722825
4.5984,1.0,0.286,-0.125712,-3.30181387515
4.60288,1.0,0.442,-0.126612,-3.30574086596
4.607296,1.0,0.39,-0.127368,-3.30888245861
4.611776,1.0,0.338,-0.12798,-3.31359484759
4.616256,1.0,0.312,-0.128466,-3.31595104208
4.620736,1.0,0.364,-0.128808,-3.31830723656
4.625152,1.0,-0.026,-0.129078,-3.32144882921
4.629632,1.0,0.078,-0.129222,-3.3238050237
4.634048,1.0,0.468,-0.129276,-3.32537582003
4.638464,1.0,0.286,-0.129276,-3.32616121819
4.642944,1.0,0.312,-0.129204,-3.32773201451
4.647424,1.0,0.52,-0.12906,-3.32930281084
4.651904,1.0,0.416,-0.128844,-3.32930281084
4.65632,1.0,0.468,-0.128556,-3.32930281084
4.6608,1.0,0.338,-0.12825,-3.330088209
4.66528,1.0,0.26,-0.127854,-3.330088209
4.66976,1.0,0.256,-0.127386,-3.330088209
4.674176,1.0,0.286,-0.126846,-3.32930281084
4.678656,1.0,0.598,-0.12627,-3.32930281084
4.683136,1.0,0.572,-0.125586,-3.32851741268
4.687616,1.0,0.754,-0.124848,-3.32773201451
4.692096,1.0,0.52,-0.124038,-3.32537582003
4.696512,1.0,0.702,-0.123174,-3.32459042186
4.700992,1.0,0.546,-0.122256,-3.32301962554
4.705472,1.0,0.572,-0.12123,-3.31987803289
4.709952,1.0,0.624,-0.12015,-3.3175218384
4.714368,1.0,0.728,-0.119052,-3.31673644024
4.718848,1.0,0.494,-0.117846,-3.31359484759
4.723328,1.0,0.702,-0.11655,-3.30966785677
4.727808,1.0,0.598,-0.115272,-3.30809706045
4.732224,1.0,0.676,-0.113868,-3.30417006964
4.736704,1.0,0.286,-0.112392,-3.30024307882
4.741184,1.0,0.598,-0.110916,-3.29710148618
4.745664,1.0,0.754,-0.109296,-3.2923890972
4.75008,1.0,0.65,-0.107658,-3.28689131006
4.75456,1.0,0.728,-0.10593,-3.28453511558
4.75904,-1.0,0.754,-0.104148,-3.27903732844
4.763584,-1.0,0.494,-0.102294,-3.27432493946
4.768128,-1.0,0.39,-0.100368,-3.26961255049
4.772672,-1.0,0.104,-0.098478,-3.26254396703
4.777152,-1.0,-0.078,-0.096642,-3.25940237438
4.781632,-1.0,-0.052,-0.094878,-3.25390458724
4.786048,-1.0,0.0,-0.093114,-3.24919219826
4.7904,-1.0,0.052,-0.091494,-3.24526520745
4.794752,-1.0,-0.156,-0.089946,-3.24055281848
4.799296,-1.0,-0.494,-0.088362,-3.2358404295
4.80384,-1.0,-0.256,-0.086922,-3.23191343869
4.808384,-1.0,-0.208,-0.085536,-3.22798644788
4.812928,-1.0,-0.156,-0.084276,-3.22248866074
4.817472,-1.0,-0.182,-0.08316,-3.22013246625
4.82208,-1.0,-0.26,-0.082134,-3.21620547544
4.826624,-1.0,-0.468,-0.081234,-3.21149308646
4.831168,-1.0,-0.39,-0.080478,-3.2107076883
4.835712,-1.0,-0.39,-0.079866,-3.20678069749
4.840256,-1.0,-0.256,-0.079362,-3.20363910484
4.8448,-1.0,-0.286,-0.079002,-3.20206830851
4.849344,-1.0,-0.104,-0.07875,-3.20049751219
4.853888,-1.0,-0.256,-0.078624,-3.1981413177
4.858432,-1.0,-0.182,-0.078588,-3.19735591954
4.862976,-1.0,-0.364,-0.078606,-3.19499972505
4.86752,-1.0,-0.104,-0.07875,-3.19421432689
4.872064,-1.0,-0.286,-0.078966,-3.19342892872
4.876672,-1.0,-0.286,-0.0792,-3.1918581324
4.881216,-1.0,-0.598,-0.07956,-3.19107273424
4.88576,-1.0,-0.494,-0.08001,-3.19107273424
4.890304,-1.0,-0.676,-0.080478,-3.18950193791
4.894848,-1.0,-0.416,-0.081072,-3.18950193791
4.899392,-1.0,-0.494,-0.08172,-3.19028733607
4.903936,-1.0,-0.768,-0.08244,-3.18950193791
4.90848,-1.0,-0.442,-0.08325,-3.18950193791
4.913024,-1.0,-0.52,-0.084096,-3.19028733607
4.917568,-1.0,-0.572,-0.085014,-3.18950193791
4.922112,-1.0,-0.624,-0.086022,-3.19107273424
4.92672,-1.0,-0.754,-0.087156,-3.19264353056
4.931264,-1.0,-0.364,-0.088272,-3.19107273424
4.935808,-1.0,-0.39,-0.089514,-3.19264353056
4.940352,-1.0,-0.728,-0.090846,-3.19499972505
4.944896,-1.0,-0.494,-0.092196,-3.19499972505
4.94944,-1.0,-0.78,-0.093654,-3.19657052137
4.953984,-1.0,-0.702,-0.095202,-3.19892671586
4.958528,-1.0,-0.546,-0.096786,-3.20049751219
4.963072,-1.0,-0.494,-0.098478,-3.20206830851
4.967616,-1.0,-0.624,-0.100206,-3.20363910484
4.972288,-1.0,-0.364,-0.102078,-3.20520990116
4.976896,-1.0,-0.494,-0.104004,-3.20835149381
4.981568,-1.0,-0.468,-0.106056,-3.21149308646
4.986176,-1.0,-0.52,-0.108144,-3.21227848463
4.990784,-1.0,-0.546,-0.110304,-3.21620547544
4.995456,-1.0,-0.624,-0.112608,-3.21934706809
5.000064,-1.0,-0.728,-0.114858,-3.22248866074
5.004736,-1.0,-0.416,-0.117342,-3.22720104971
5.009344,1.0,-1.066,-0.119736,-3.22877184604
