time(us),reference current(mA),current(mA),cart position(um),pendulum angle(mdeg)
6912,400,-26,0,-180000
10688,400,260,0,-180000
14592,505,364,54,-180000
18560,400,494,108,-180000
22656,400,364,216,-180000
26688,400,390,396,-179955
30720,400,416,612,-179955
34816,551,416,846,-179910
38848,643,520,1134,-179865
43008,556,624,1494,-179865
47168,400,546,1854,-179775
51328,559,390,2286,-179730
55424,582,520,2736,-179685
59584,997,546,3222,-179595
63744,943,910,3780,-179505
67904,934,936,4446,-179370
72064,964,988,5166,-179325
76160,915,768,5994,-179190
80320,1039,884,6966,-179055
84544,845,988,8046,-178965
88704,884,806,9198,-178785
92864,662,884,10422,-178605
97088,358,650,11790,-178470
101312,247,312,13158,-178290
105664,1,260,14580,-178155
109824,-21,78,15966,-177975
114048,-101,26,17280,-177795
118336,267,-52,18576,-177660
122688,256,208,19782,-177480
127040,410,260,20988,-177255
131328,484,364,22104,-177210
135680,427,442,23220,-177075
139968,461,494,24372,-176850
144320,783,520,25524,-176760
148672,515,702,26694,-176670
152960,424,494,27936,-176445
157312,493,494,29160,-176355
161600,535,442,30438,-176220
165952,812,494,31788,-176040
170240,757,728,33102,-175860
174592,891,728,34524,-175725
178944,595,806,36000,-175545
183232,801,572,37548,-175365
187584,562,806,39150,-175230
191872,655,546,40860,-175050
196224,686,572,42570,-174780
200576,516,754,44370,-174600
204864,698,494,46170,-174465
209216,506,728,48024,-174195
213504,434,520,50022,-173925
217856,190,442,51912,-173880
222144,160,234,53838,-173655
226496,119,208,55854,-173385
230848,-54,0,57726,-173250
235008,103,26,59526,-173025
239232,164,78,61326,-172890
243456,123,182,63018,-172710
247808,283,130,64782,-172530
252096,334,260,66474,-172395
256448,678,390,68112,-172260
260800,522,572,69804,-172080
265088,436,494,71514,-171945
269440,347,520,73224,-171855
273728,334,312,74970,-171630
278080,752,390,76734,-171585
282368,1002,728,78480,-171450
286784,1215,910,80406,-171180
291200,905,1170,82332,-171090
295616,716,806,84402,-170955
299968,868,780,86598,-170685
304256,964,832,88848,-170595
308608,634,988,91152,-170325
312960,538,650,93636,-170145
317248,297,572,96084,-169965
321600,475,208,98586,-169785
325888,682,520,101160,-169560
330304,1068,512,103752,-169380
334848,1092,1118,106470,-169200
339392,1047,1014,109368,-168840
344000,1073,988,112338,-168705
348480,979,1024,115416,-168480
352960,1207,910,118674,-168120
357504,902,1118,121950,-167985
361984,699,988,125442,-167625
366400,474,676,128934,-167355
370816,356,416,132462,-167175
375232,246,416,136062,-166905
379584,176,312,139608,-166590
384000,296,156,143154,-166410
388416,222,234,146664,-166140
392832,435,286,150138,-165825
397248,373,442,153594,-165645
401664,322,286,157032,-165465
406080,163,312,160452,-165195
410496,314,0,163854,-165060
414720,314,234,167094,-164925
419136,225,260,170460,-164655
423552,321,390,173790,-164475
427968,367,312,177066,-164385
432384,423,260,180342,-164115
436800,536,520,183618,-163980
441216,513,546,186858,-163890
445632,307,416,190134,-163710
450048,412,390,193410,-163620
454464,151,442,196650,-163575
458816,99,104,199908,-163350
463168,-247,156,203040,-163350
467648,-110,-156,206208,-163305
472256,11,-104,209358,-163215
476672,393,52,212328,-163170
480960,576,260,215118,-163170
485376,819,546,217962,-163125
489792,1165,858,220842,-163035
494336,981,1014,223830,-163080
498816,1002,1014,226944,-163035
503360,898,1024,230256,-162990
507904,876,806,233586,-162990
512320,722,858,236988,-162945
516672,421,806,240480,-162900
521088,222,256,244008,-162900
525504,109,182,247536,-162900
529920,-20,182,251046,-162855
534336,341,78,254520,-162855
538688,633,182,257814,-162855
543104,670,624,261198,-162855
547520,556,728,264582,-162810
551872,902,520,267948,-162900
556288,1032,780,271404,-162945
560832,827,1014,275022,-162945
565312,1075,858,278694,-162945
569792,793,962,282510,-162990
574208,665,728,286380,-162945
578624,421,650,290232,-163035
583040,288,494,294228,-162990
587456,272,416,298242,-163035
591872,288,338,302184,-163125
596288,660,208,306162,-163125
600704,383,572,310086,-163125
605120,293,442,314028,-163170
609536,423,416,317970,-163305
613888,585,512,321912,-163350
618304,861,572,325854,-163440
622720,602,650,329796,-163440
627136,513,546,333828,-163530
631552,429,520,337824,-163665
635968,698,512,341874,-163710
640384,693,728,345960,-163800
644800,697,728,350100,-163890
649216,750,598,354240,-164025
653632,626,598,358452,-164070
658048,499,546,362736,-164160
662464,671,442,367020,-164250
666880,488,624,371376,-164385
671232,173,624,375768,-164430
675648,550,286,380142,-164610
680064,215,624,384516,-164745
684480,-10,390,388926,-164745
688896,-109,78,393228,-164970
693312,-137,-78,397512,-165195
697792,-383,-156,401796,-165240
702400,-112,-442,406026,-165465
707008,14,-130,410130,-165735
711424,-1,78,414000,-165870
715648,-23,26,417618,-166140
719936,234,-256,421200,-166500
724480,290,0,424908,-166680
728704,559,338,428328,-166905
733120,778,572,431838,-167310
737536,653,522,435438,-167535
741952,640,598,439056,-167760
746368,578,702,442656,-168165
750784,569,598,446382,-168435
755200,266,468,450126,-168660
759616,441,0,453852,-169065
763840,575,494,457398,-169425
768256,595,676,461196,-169560
772672,676,598,464958,-169920
777088,580,520,468720,-170280
781504,647,546,472590,-170550
785856,692,702,476442,-170910
790272,868,728,480366,-171225
794688,657,832,484362,-171450
799104,510,512,488430,-171720
803520,390,416,492498,-172080
807936,373,312,496620,-172350
812352,462,468,500796,-172620
816768,246,520,504918,-172980
821184,195,256,509040,-173295
825600,-4,208,513162,-173610
829952,-46,-256,517140,-173925
834432,-311,-104,521190,-174240
838976,-225,-182,525294,-174555
843584,-558,-130,529200,-175005
848192,-611,-416,533052,-175410
852736,-395,-650,536652,-175860
857344,-231,-416,540072,-176310
861888,96,-130,543348,-176715
866304,478,-26,546354,-177165
870720,771,442,549324,-177705
875136,792,728,552258,-178155
879552,941,650,555264,-178515
883968,1114,962,558342,-179055
888448,902,1144,561582,-179460
892928,1024,806,565002,-179910
897472,864,936,568494,-180450
901888,837,936,572058,-180765
906240,831,832,575748,-181125
910656,696,702,579492,-181575
915072,562,624,583344,-181935
919488,463,572,587250,-182250
923904,683,572,591192,-182700
928320,398,702,595170,-182970
932736,523,390,599238,-183240
937152,165,390,603252,-183735
941568,10,156,607320,-184005
945920,-70,130,611298,-184275
950272,29,52,615294,-184680
954560,303,78,619074,-184995
958848,311,182,622890,-185265
963264,629,234,626742,-185670
967680,590,512,630540,-185985
972096,723,650,634446,-186255
976512,991,754,638352,-186705
980928,819,936,642348,-187020
985344,1090,702,646488,-187245
989824,806,910,650718,-187560
994240,458,806,655074,-187830
998656,258,442,659430,-188055
1003072,59,364,663858,-188370
1007488,150,156,668304,-188595
1011968,41,208,672768,-188775
1016448,196,156,677124,-189090
1020928,-164,182,681426,-189360
1025536,63,-256,685854,-189540
1030016,127,-78,690030,-189900
1034560,16,78,694206,-190080
1038848,-66,52,698130,-190350
1043264,0,0,702072,-190665
1047424,-672,52,705744,-190935
1051968,-568,-624,709614,-191205
1056640,-400,-598,713466,-191565
1061312,-510,-312,717138,-191880
1065984,-621,-390,720684,-192195
1070656,-660,-624,724014,-192600
1075328,-445,-572,727146,-193005
1080000,-607,-512,730134,-193320
1084672,-436,-768,732870,-193815
1089344,-400,-364,735444,-194265
1094016,-450,-416,737874,-194670
1098752,-400,-390,740106,-195165
1103424,-400,-390,742194,-195615
1108096,-400,-338,744138,-196110
1112768,-400,-364,745884,-196650
1117440,-400,-364,747558,-197100
1122112,-400,-512,749016,-197640
1126784,-400,-364,750348,-198225
1131456,-400,-390,751554,-198675
1136128,-400,-390,752616,-199260
1140800,-400,-416,753516,-199845
1145472,-468,-416,754290,-200385
1150144,-600,-364,754920,-200925
1154816,-611,-546,755388,-201600
1159488,-474,-598,755694,-202185
1164224,-581,-442,755856,-202725
1168896,-422,-520,755892,-203400
1173568,-509,-468,755802,-203940
1178240,-550,-520,755658,-204525
1182912,-400,-546,755424,-205200
1187584,-400,-390,755118,-205740
1192256,-400,-390,754776,-206280
1196928,-400,-416,754380,-206955
1201600,-400,-416,753966,-207495
1206272,-400,-416,753534,-208035
1210944,-400,-442,753066,-208620
1215680,-400,-416,752580,-209160
1220352,-400,-390,752076,-209655
1225024,-400,-512,751536,-210240
1229696,-400,-390,750996,-210645
1234368,-400,-364,750438,-211185
1239040,-400,-390,749844,-211725
1243712,-400,-416,749304,-212085
1248384,-206,-416,748692,-212625
1253056,-440,-234,748116,-213030
1257728,-66,-442,747522,-213390
1262336,-319,-78,746982,-213840
1266944,-360,-260,746496,-214200
1271616,-400,-390,745920,-214560
1276288,-400,-364,745416,-214920
1280960,-400,-416,744876,-215280
1285632,-400,-364,744372,-215505
1290368,-400,-442,743778,-215910
1295040,-400,-442,743202,-216225
1299712,-400,-416,742662,-216405
1304384,-400,-512,742086,-216720
1309056,92,-364,741456,-216990
1313536,304,-26,740862,-217125
1318080,131,256,740394,-217305
1322560,-400,104,740016,-217530
1327168,-400,-312,739674,-217665
1331840,-400,-390,739368,-217800
1336512,-400,-416,739080,-217980
1341184,-400,-364,738774,-218025
1345856,-400,-390,738432,-218115
1350592,-400,-416,738054,-218250
1355264,-400,-416,737694,-218250
1359936,-400,-390,737316,-218250
1364608,-400,-390,736866,-218340
1369280,-400,-416,736452,-218295
1373952,-400,-390,736002,-218295
1378624,-400,-416,735570,-218295
1383296,-400,-364,735066,-218205
1387968,-400,-390,734580,-218160
1392640,-536,-390,734040,-218160
1397376,-861,-520,733536,-217980
1402048,-657,-806,732942,-217890
1406720,-981,-650,732240,-217890
1411392,-761,-936,731538,-217665
1416064,-946,-702,730692,-217575
1420736,-868,-936,729756,-217485
1425408,-1102,-884,728676,-217305
1430208,-973,-1040,727542,-217125
1434944,-874,-858,726192,-217080
1439616,-1027,-884,724788,-216855
1444416,-990,-1092,723186,-216720
1449152,-1204,-858,721494,-216630
1453952,-1245,-1170,719694,-216315
1458752,-1156,-1170,717588,-216225
1463616,-946,-1280,715392,-216180
1468352,-831,-910,713052,-215775
1473088,-663,-768,710676,-215685
1477760,-307,-650,708102,-215685
1482432,-217,-512,705600,-215280
1487104,-73,-234,703080,-215100
1491712,141,-104,700614,-215010
1496320,219,52,698220,-214605
1500736,153,156,696042,-214380
1505216,206,156,693936,-214200
1509696,271,208,691938,-213750
1514240,-73,234,690084,-213435
1518720,212,-256,688302,-213120
1523328,197,156,686628,-212625
1527872,-86,156,685134,-212175
1532352,-153,-104,683622,-211860
1537024,-315,-156,682218,-211275
1541696,-521,-338,680868,-210780
1546368,-427,-520,679482,-210285
1551040,-488,-338,678150,-209700
1555776,-906,-468,676764,-209205
1560448,-816,-936,675378,-208665
1565120,-395,-806,673902,-208035
1569792,-551,-416,672354,-207495
1574464,-541,-546,670788,-207000
1579136,-312,-520,669222,-206235
1583808,-513,-286,667638,-205695
1588480,-277,-598,665982,-205200
1593152,1,-286,664434,-204435
1597632,74,-52,662958,-203760
1602048,-240,26,661482,-203310
1606528,-194,-156,660078,-202635
1611200,-87,-256,658692,-201780
1615808,-497,-206,657378,-201195
1620480,-652,-768,655992,-200520
1625152,-673,-598,654678,-199710
1629824,-525,-624,653274,-198990
1634560,-816,-598,651816,-198315
1639232,-561,-754,650268,-197550
1643904,-482,-768,648666,-196740
1648576,-169,-520,647028,-196065
1653248,90,-260,645336,-195345
1657728,234,0,643806,-194535
1662080,333,156,642312,-193860
1666624,126,286,640944,-193140
1671104,128,130,639648,-192240
1675648,-205,78,638514,-191430
1680128,-145,-130,637434,-190755
1684800,-474,-156,636390,-189765
1689472,-453,-390,635418,-188955
1694144,-419,-512,634320,-188145
1698880,-314,-416,633330,-187110
1703552,-258,-312,632214,-186345
1708224,37,-260,631134,-185490
1712704,87,-26,630090,-184545
1717120,-114,26,629154,-183690
1721664,-91,-52,628218,-182925
1726144,-319,-104,627336,-181935
1730816,-192,-286,626526,-181080
1735488,-451,-234,625680,-180225
1740160,-722,-416,624924,-179100
1744896,-911,-702,624042,-178335
1749568,-800,-936,623142,-177480
1754240,-665,-806,622116,-176490
1758912,-718,-572,621000,-175725
1763584,-686,-702,619722,-174825
1768256,-723,-728,618480,-173880
1772928,-848,-768,617022,-173205
1777600,-531,-754,615564,-172305
1782272,-405,-546,613980,-171495
1786944,-571,-416,612288,-170775
1791680,-514,-520,610596,-169920
1796352,-349,-546,608832,-169155
1801024,-302,-512,607014,-168480
1805696,-515,-286,605160,-167670
1810368,-230,-572,603306,-166995
1815040,-253,-182,601398,-166275
1819712,-476,-260,599508,-165465
1824384,-100,-468,597546,-164880
1829056,-407,-104,595638,-164115
1833728,-462,-416,593694,-163440
1838464,-285,-390,591714,-162810
1843136,-354,-364,589752,-162090
1847808,-561,-364,587718,-161415
1852480,-596,-520,585702,-160830
1857152,-521,-546,583560,-160200
1861824,-490,-468,581454,-159525
1866496,-84,-546,579204,-159030
1871104,-219,-104,576954,-158445
1875776,-345,-256,574758,-157770
1880448,-194,-312,572418,-157320
1885120,-307,-234,570222,-156735
1889792,-568,-234,567918,-156240
1894464,-486,-572,565650,-155745
1899200,-882,-416,563274,-155295
1903872,-1254,-884,560880,-154755
1908608,-1072,-1066,558252,-154395
1913472,-907,-1280,555462,-153900
1918208,-686,-832,552510,-153495
1922880,-659,-624,549468,-153180
1927616,-529,-780,546336,-152775
1932288,-689,-512,543114,-152505
1936960,-619,-624,539856,-152235
1941632,-231,-754,536490,-151965
1946304,-279,-260,533106,-151695
1950976,-210,-130,529722,-151470
1955648,-477,-286,526248,-151290
1960320,-155,-512,522864,-151020
1964992,-122,-256,519408,-150885
1969664,-55,-104,516006,-150705
1974272,-70,-104,512640,-150525
1978880,-384,-78,509274,-150435
1983488,-208,-286,505980,-150255
1988160,-447,-260,502596,-150120
1992832,-492,-442,499248,-150030
1997504,-540,-416,495774,-149985
2002176,-266,-520,492354,-149850
2006848,-422,-390,488844,-149805
2011520,-424,-390,485298,-149760
2016192,-251,-338,481752,-149760
2020928,-429,-208,478206,-149760
2025600,-172,-494,474642,-149760
2030272,82,-256,471024,-149805
2034752,106,26,467622,-149760
2039168,-160,52,464310,-149805
2043712,242,-104,460962,-149940
2048320,392,182,457614,-149985
2052800,110,312,454428,-149940
2057280,-55,0,451314,-150075
2061632,-348,0,448362,-150210
2066048,-630,-442,445410,-150255
2070720,-671,-546,442260,-150345
2075456,-551,-768,439020,-150525
2080128,-945,-676,435762,-150615
2084800,-885,-858,432342,-150840
2089472,-676,-902,428742,-151065
2094144,-313,-650,425124,-151200
2098816,-39,-442,421362,-151470
2103424,292,-104,417672,-151785
2108032,239,234,414000,-151965
2112512,250,182,410490,-152190
2117056,366,182,407088,-152505
2121536,414,338,403758,-152775
2126016,408,364,400608,-153000
2130560,247,364,397566,-153315
2135040,127,260,394668,-153540
2139584,29,208,391878,-153810
2144000,-14,52,389196,-154125
2148416,-301,26,386604,-154305
2152896,-17,-260,384012,-154620
2157504,22,-78,381330,-154980
2161920,130,-26,378846,-155160
2166464,126,130,376344,-155475
2170944,-32,104,373860,-155790
2175488,-289,0,371466,-156060
2179904,-381,-286,369126,-156375
2184576,-143,-234,366678,-156735
2189248,-413,-208,364230,-157050
2193920,-373,-312,361782,-157320
2198592,-438,-416,359280,-157770
2203264,-307,-338,356778,-158085
2207936,-257,-312,354276,-158535
2212672,59,-260,351702,-158940
2217152,302,-52,349290,-159300
2221632,46,312,346878,-159705
2226112,220,0,344610,-160110
2230400,-32,156,342450,-160470
2234944,116,-256,340290,-160875
2239488,132,104,338130,-161325
2244032,89,78,336114,-161685
2248384,-124,130,334224,-162090
2252992,-337,-78,332262,-162495
2257536,-203,-338,330372,-162855
2262208,-316,-234,328410,-163350
2266944,-250,-260,326520,-163665
2271616,-418,-234,324576,-164205
2276288,-536,-364,322596,-164700
2280960,-459,-572,320652,-165060
2285632,-314,-416,318600,-165600
2290304,-68,-364,316602,-166005
2294912,-156,-52,314568,-166545
2299520,-162,-156,312570,-167040
2304192,-72,-260,310590,-167445
2308736,64,-52,308628,-168075
2313152,240,0,306828,-168480
2317504,54,156,305082,-168885
2321920,28,78,303390,-169470
2326272,4,0,301788,-169875
2330432,2,26,300312,-170280
2334720,118,-26,298836,-170865
2339200,-119,78,297360,-171135
2343744,-413,-52,295956,-171585
2348288,-574,-390,294426,-172305
2353024,-285,-572,292986,-172575
2357696,-349,-286,291510,-173070
2362368,-633,-338,289872,-173745
2367040,-601,-598,288324,-174060
2371712,-550,-598,286686,-174645
2376384,-601,-494,284922,-175275
2381056,-435,-520,283176,-175680
2385728,-638,-416,281340,-176265
2390400,-623,-572,279450,-176850
2395136,-603,-650,277506,-177390
2399808,-378,-572,275508,-177975
2404480,-52,-338,273474,-178605
2409088,-60,-256,271476,-179100
2413632,104,-78,269514,-179730
2418176,70,0,267570,-180315
2422400,247,52,265896,-180675
2426816,173,208,264204,-181305
2431360,79,104,262512,-181890
2435776,105,78,261036,-182250
2440192,-294,52,259650,-182745
2444672,-294,-286,258228,-183375
2449408,-433,-312,256842,-183780
2454080,-618,-390,255492,-184185
2458752,-702,-624,254052,-184815
2463424,-727,-768,252612,-185265
2468096,-570,-572,251118,-185715
2472768,-524,-572,249480,-186300
2477440,-287,-598,247860,-186750
2482112,-485,-234,246204,-187200
2486848,-399,-520,244548,-187785
2491520,-262,-442,242820,-188325
2496192,-236,-286,241182,-188730
2500864,-253,-286,239526,-189270
2505536,-151,-260,237816,-189855
2510208,-157,-104,236250,-190170
2514880,31,-156,234666,-190620
2519424,-107,-26,233136,-191250
2523968,-256,-104,231696,-191610
2528704,-293,-234,230256,-191970
2533376,-187,-390,228798,-192555
2538048,-225,-182,227358,-192915
2542720,-469,-208,226008,-193230
2547392,-800,-468,224586,-193725
2552064,-1003,-780,223092,-194175
2556864,-845,-936,221580,-194535
2561536,-599,-884,219942,-194940
2566208,-511,-598,218196,-195390
2570880,-757,-494,216396,-195795
2575552,-622,-832,214524,-196200
2580224,-570,-520,212598,-196605
2584896,-279,-624,210654,-197055
2589632,-212,-338,208620,-197460
2594304,-414,-182,206676,-197865
2598976,-501,-468,204678,-198270
2603648,-335,-494,202680,-198675
2608320,44,-364,200754,-199080
2612800,-114,-52,198846,-199350
2617408,-135,-78,196992,-199665
2622016,-143,-156,195138,-200115
2626688,-222,-130,193338,-200340
2631360,-193,-182,191646,-200655
2636032,-158,-208,189882,-201015
2640704,-98,-156,188244,-201195
2645312,-323,-104,186642,-201465
2649984,-60,-312,185058,-201735
2654592,-166,-52,183600,-201870
2659200,-309,-256,182142,-202140
2663872,-157,-416,180684,-202365
2668544,133,-182,179370,-202365
2673152,72,26,178056,-202590
2677504,-37,26,176886,-202770
2681920,203,-26,175842,-202815
2686400,-151,182,174834,-202905
2691008,-64,-78,173880,-203085
2695488,-106,-104,172980,-203085
2700224,-380,-130,172224,-203040
2704896,-264,-364,171432,-203130
2709568,-109,-260,170640,-203130
2714240,-334,-78,169938,-203130
2718848,-621,-338,169218,-203085
2723520,-328,-624,168498,-203040
2728192,-207,-312,167742,-203040
2732864,-115,-208,166968,-202995
2737536,144,-182,166266,-202905
2742144,-275,78,165600,-202770
2746624,-492,-234,164952,-202725
2751296,-311,-468,164340,-202590
2755968,-236,-312,163764,-202410
2760640,-517,-234,163170,-202365
2765376,-474,-572,162558,-202230
2770048,-322,-468,161964,-202005
2774720,-466,-338,161334,-201915
2779392,-377,-442,160686,-201735
2784064,-21,-338,160038,-201510
2788672,62,-52,159390,-201330
2793088,-83,-26,158814,-201105
2797568,262,-52,158274,-200880
2802112,73,0,157752,-200700
2806336,-252,52,157428,-200385
2810880,-400,-260,157068,-200160
2815552,-400,-512,156726,-199935
2820224,-400,-390,156420,-199620
2824896,-400,-364,156096,-199305
2829568,-400,-390,155754,-198990
2834240,-400,-416,155358,-198630
2838912,-400,-512,154980,-198315
2843648,-400,-390,154584,-198000
2848320,-400,-416,154152,-197640
2852992,-400,-416,153720,-197280
2857664,-400,-390,153252,-196920
2862336,-400,-416,152784,-196560
2867008,-400,-390,152280,-196200
2871680,-400,-390,151776,-195840
2876352,-400,-390,151236,-195480
2881024,-400,-442,150696,-195120
2885696,-400,-390,150120,-194670
2890432,-400,-416,149544,-194310
2895104,934,-416,148896,-193905
2899648,762,702,148356,-193455
2904192,729,768,148014,-192960
2908672,587,650,147708,-192600
2913216,724,520,147690,-192150
2917696,898,702,147834,-191565
2922240,913,806,148086,-191115
2926720,1030,858,148554,-190530
2931328,1040,1066,149166,-189900
2936000,1212,1040,149994,-189360
2940672,1309,1118,151002,-188595
2945344,1519,1222,152280,-187875
2950016,1480,1508,153720,-187245
2954688,1482,1430,155430,-186390
2959360,1262,1326,157464,-185580
2964032,1135,1300,159714,-184770
2968704,904,1014,162144,-183915
2973312,907,910,164736,-183015
2977792,924,858,167400,-182115
2982336,761,768,170190,-181260
2986816,665,832,173070,-180360
2991360,518,572,176022,-179415
2995840,634,572,179064,-178515
3000384,782,624,182088,-177570
3004864,862,676,185238,-176580
3009344,576,884,188424,-175680
3013888,295,650,191664,-174735
3018368,272,260,194976,-173790
3022912,2,364,198234,-172845
3027200,92,78,201420,-171945
3031552,185,104,204516,-171045
3036096,-59,182,207666,-170145
3040576,-65,26,210798,-169200
3044992,38,-78,213750,-168345
3049408,312,130,216648,-167490
3053952,171,260,219546,-166545
3058432,372,234,222372,-165735
3062912,155,364,225144,-164970
3067456,-33,156,227934,-164025
3071936,275,78,230616,-163260
3076352,132,182,233190,-162585
3080896,-44,182,235818,-161640
3085376,-133,-26,238338,-160920
3089984,94,-26,240804,-160200
3094400,47,78,243126,-159390
3098752,383,52,245340,-158715
3103168,673,286,247482,-158085
3107648,597,728,249696,-157365
3112192,703,572,251946,-156645
3116672,1017,702,254160,-156060
3121280,866,910,256554,-155295
3125760,781,936,259002,-154575
3130304,1007,702,261432,-154035
3134848,976,1024,264096,-153315
3139456,695,936,266868,-152550
3144000,699,780,269586,-151965
3148480,779,598,272394,-151335
3152960,836,780,275292,-150615
3157504,1098,884,278244,-150030
3162048,972,768,281322,-149400
3166592,785,1066,284472,-148680
3171200,543,832,287730,-148095
3175680,639,468,291006,-147465
3180160,641,676,294336,-146835
3184704,495,676,297702,-146205
3189184,441,390,301086,-145665
3193728,96,416,304488,-145035
3198144,63,260,307818,-144495
3202560,66,0,311058,-144000
3206784,1,52,314190,-143460
3211072,-243,130,317250,-142965
3215680,-207,-260,320400,-142560
3220352,145,-156,323532,-142065
3224896,70,130,326520,-141570
3229312,216,0,329274,-141210
3233664,429,260,331920,-140895
3238208,446,256,334620,-140490
3242688,657,520,337302,-140130
3247168,915,598,339984,-139860
3251712,693,884,342720,-139545
3256192,552,780,345492,-139230
3260736,575,468,348300,-138960
3265216,440,624,351180,-138735
3269760,394,338,354042,-138420
3274240,570,442,356922,-138240
3278720,317,650,359838,-137970
3283264,452,312,362718,-137790
3287744,679,520,365562,-137655
3292288,802,572,368514,-137430
3296768,645,806,371466,-137250
3301248,1026,676,374418,-137115
3305856,818,884,377550,-137025
3310400,488,884,380718,-136845
3314880,803,512,383886,-136800
3319360,613,650,387126,-136710
3323904,527,676,390474,-136530
3328384,254,572,393750,-136575
3332928,94,0,397116,-136530
3337152,72,208,400248,-136485
3341568,126,104,403416,-136485
3346112,31,52,406692,-136485
3350400,-105,78,409716,-136530
3354944,-234,-104,412758,-136665
3359616,-144,-256,415908,-136665
3364288,100,-104,418878,-136845
3368896,290,26,421722,-136980
3373312,-93,338,424404,-137160
3377792,-178,-52,427032,-137340
3382400,-118,-78,429660,-137565
3387008,25,-104,432216,-137880
3391488,236,26,434556,-138150
3395904,-9,0,436878,-138420
3400192,-391,78,439002,-138735
3404672,-244,-312,441108,-139095
3409344,123,-234,443214,-139500
3413952,534,26,445194,-139905
3418368,709,546,446994,-140310
3422912,628,650,448848,-140715
3427392,743,572,450666,-141210
3431872,946,754,452556,-141705
3436416,941,910,454554,-142110
3440896,680,936,456552,-142650
3445440,499,598,458658,-143145
3449920,202,598,460818,-143685
3454464,269,208,462978,-144225
3458944,202,234,465120,-144810
3463424,88,208,467226,-145305
3467904,29,52,469260,-145890
3472192,399,78,471186,-146520
3476608,531,312,473112,-147105
3481152,339,546,475056,-147690
3485632,215,364,477000,-148410
3490176,290,182,478872,-149130
3494656,407,312,480798,-149760
3499136,407,256,482706,-150390
3503680,457,390,484542,-151200
3508160,398,468,486414,-151920
3512704,554,256,488286,-152640
3517184,565,512,490140,-153450
3521664,764,494,492048,-154125
3526208,389,702,493974,-154890
3530688,364,256,495936,-155700
3535168,393,286,497880,-156510
3539712,385,468,499878,-157275
3544192,330,364,501822,-158130
3548736,260,338,503748,-158940
3553216,630,286,505710,-159750
3557696,835,546,507600,-160605
3562240,1032,832,509562,-161370
3566848,988,936,511650,-162225
3571328,906,1040,513738,-163080
3575936,922,832,516006,-163935
3580416,876,962,518346,-164745
3584896,940,832,520830,-165555
3589440,678,1014,523350,-166410
3594048,660,598,526032,-167220
3598528,784,728,528732,-168030
3603008,528,676,531522,-168885
3607552,414,572,534348,-169650
3612032,348,442,537192,-170460
3616576,214,312,540090,-171315
3621056,278,312,542952,-172080
3625536,588,182,545778,-172890
3630080,218,572,548586,-173745
3634560,198,234,551448,-174420
3639104,566,182,554220,-175410
3643584,685,598,557046,-176220
3648064,502,572,559854,-176940
3652608,616,572,562734,-177795
3657088,572,494,565632,-178650
3661632,254,572,568620,-179415
3666112,234,364,571626,-180270
3670592,301,156,574596,-181125
3675136,326,390,577638,-181890
3679616,501,364,580626,-182700
3684160,651,364,583578,-183510
3688640,470,754,586620,-184275
3693120,304,390,589662,-185085
3697664,223,312,592722,-185940
3702144,608,312,595818,-186660
3706688,315,494,598896,-187470
3711168,302,390,602010,-188280
3715648,-93,312,605106,-189000
3720192,103,-52,608256,-189765
3724672,485,104,611280,-190620
3729216,552,494,614358,-191295
3733696,938,468,617436,-192060
3738176,606,962,620496,-192825
3742720,961,676,623736,-193500
3747200,851,806,626994,-194265
3751744,910,858,630450,-194895
3756224,513,936,633942,-195660
3760704,354,416,637578,-196245
3765248,452,286,641250,-196920
3769728,75,494,644958,-197595
3774144,428,208,648612,-198135
3778688,203,390,652302,-198765
3783168,48,156,656010,-199350
3787584,17,104,659592,-199980
3792000,453,104,663192,-200520
3796544,275,256,666756,-201150
3801024,132,182,670374,-201645
3805568,91,182,673938,-202275
3809984,-184,156,677448,-202860
3814528,-189,-130,681048,-203355
3819200,-150,-208,684594,-203985
3823872,72,-78,688122,-204570
3828352,-115,52,691308,-205110
3832832,228,-130,694566,-205605
3837440,145,182,697770,-206190
3841920,356,182,700938,-206685
3846464,-400,286,704034,-207270
3851008,-400,-156,707202,-207765
3855680,-400,-364,710298,-208305
3860352,-400,-416,713322,-208890
3865088,-400,-286,716166,-209475
3869760,-400,-416,718920,-209970
3874432,-400,-390,721476,-210555
3879104,-400,-416,723924,-211050
3883776,-540,-364,726246,-211590
3888448,-742,-520,728442,-212175
3893120,-400,-598,730440,-212715
3897792,-400,-390,732276,-213255
3902464,-400,-390,734004,-213840
3907136,-400,-312,735552,-214335
3911808,-400,-338,737010,-214875
3916480,-400,-416,738306,-215505
3921216,-400,-338,739548,-216000
3925888,-400,-512,740628,-216495
3930560,-400,-364,741546,-217170
3935232,-400,-390,742410,-217620
3939904,-400,-416,743130,-218115
3944576,-400,-338,743706,-218745
3949248,-400,-312,744174,-219195
3953920,-491,-390,744570,-219645
3958592,-685,-468,744804,-220275
3963264,-879,-650,744894,-220725
3967936,-1176,-754,744876,-221175
3972736,-1007,-1118,744624,-221760
3977536,-799,-1014,744192,-222255
3982336,-940,-754,743634,-222660
3987008,-824,-884,742914,-223290
3991680,-846,-806,742050,-223740
3996352,-719,-780,741132,-224100
4001024,-500,-768,740070,-224640
4005696,-314,-494,738990,-225090
4010368,-328,-312,737838,-225450
4015104,-351,-312,736704,-225900
4019776,-383,-364,735534,-226305
4024448,-170,-338,734400,-226620
4029120,59,-182,733248,-227025
4033600,107,-26,732204,-227250
4038144,46,78,731178,-227565
4042496,-190,26,730242,-227835
4046976,-258,-256,729396,-228105
4051648,-172,-260,728514,-228330
4056320,127,-156,727704,-228510
4060928,-204,0,726876,-228690
4065344,-427,-156,726192,-228780
4070016,-400,-390,725490,-228915
4074688,-595,-416,724770,-229095
4079360,-402,-572,724068,-229095
4084096,-104,-442,723276,-229230
4088768,-145,-104,722556,-229230
4093440,-433,-256,721800,-229230
4098112,-111,-442,721080,-229275
4102784,-39,-130,720414,-229230
4107392,-178,-78,719784,-229185
4112000,-272,-208,719208,-229095
4116672,-204,-286,718632,-229005
4121344,-497,-234,718074,-228870
4126016,-781,-494,717588,-228735
4130688,-880,-754,716994,-228645
4135360,-965,-832,716382,-228420
4140032,-746,-962,715626,-228285
4144704,-667,-780,714798,-228060
4149376,-551,-650,713898,-227790
4154112,-455,-572,712818,-227655
4158784,-207,-364,711846,-227340
4163456,-79,-182,710766,-227025
4168064,202,-104,709776,-226755
4172608,260,104,708840,-226485
4177152,382,234,707994,-226035
4181632,318,256,707346,-225720
4186176,455,286,706752,-225405
4190656,84,338,706338,-224865
4195072,-60,156,706086,-224460
4199616,-400,-52,705906,-224055
4204160,-400,-338,705834,-223425
4208896,-400,-416,705690,-222975
4213568,-400,-390,705600,-222390
4218240,-400,-416,705492,-221760
4222912,-400,-364,705366,-221175
4227584,-400,-390,705204,-220590
4232256,-400,-390,705078,-219870
4236928,-400,-390,704916,-219285
4241600,-400,-390,704718,-218655
4246272,-400,-416,704556,-217845
4251008,-400,-390,704358,-217170
4255680,-400,-416,704196,-216495
4260352,-400,-512,704016,-215685
4265024,-400,-416,703836,-214965
4269696,-400,-390,703674,-214245
4274368,-400,-416,703530,-213345
4279040,-400,-512,703368,-212580
4283712,-400,-416,703188,-211815
4288384,-400,-416,703044,-210915
4293120,-634,-390,702864,-210105
4297792,-616,-598,702666,-209295
4302464,-716,-624,702450,-208350
4307136,-687,-650,702198,-207495
4311808,-764,-650,701856,-206640
4316480,-1129,-702,701442,-205740
4321280,-875,-1040,700938,-204885
4326016,-1067,-884,700254,-203985
4330816,-1111,-1014,699498,-202995
4335616,-1108,-1118,698508,-202185
4340480,-959,-936,697446,-201240
4345152,-868,-936,696240,-200385
4349824,-508,-910,694926,-199575
4354560,-334,-520,693522,-198675
4359232,-668,-364,692118,-197775
4363904,-410,-702,690678,-197010
4368576,-233,-468,689220,-196155
4373248,-42,-182,687780,-195165
4377856,-126,-78,686376,-194310
4382464,-84,-256,685008,-193500
4387008,-260,-78,683748,-192510
4391616,-268,-208,682506,-191610
4396288,-184,-286,681246,-190755
4400960,-183,-234,680040,-189765
4405632,-208,-182,678870,-188775
4410304,-70,-156,677700,-187830
4414912,-48,-104,676602,-186840
4419520,-286,-256,675558,-185940
4424192,-410,-260,674532,-184905
4428864,-210,-312,673542,-183870
4433536,-320,-234,672534,-182925
4438208,-157,-338,671544,-181890
4442944,-18,-156,670626,-180855
4447488,-73,-52,669672,-179910
4452032,-221,-52,668844,-178920
4456640,-129,-208,667980,-177930
4461312,120,-130,667206,-176895
4465856,-78,0,666396,-175950
4470208,8,-78,665748,-174915
4474560,-152,-26,665082,-174015
4479168,-302,-104,664470,-172980
4483840,-296,-286,663840,-171945
4488512,-270,-312,663192,-171000
4493184,-253,-260,662526,-169920
4497856,-278,-260,661860,-168840
4502528,-309,-312,661140,-167940
4507200,-229,-286,660420,-166860
4511936,-396,-208,659700,-165870
4516608,-241,-364,658908,-164970
4521280,-580,-260,658152,-163935
4525952,-707,-546,657342,-162990
4530624,-760,-754,656460,-162135
4535296,-725,-702,655524,-161100
4539968,-616,-676,654426,-160290
4544640,-473,-572,653238,-159435
4549312,-263,-494,651978,-158445
4554048,-299,-234,650646,-157725
4558720,114,-512,649260,-156915
4563264,332,52,647946,-155970
4567744,264,260,646704,-155295
4572224,116,256,645480,-154620
4576704,220,78,644382,-153720
4581184,224,182,643338,-153000
4585664,106,182,642348,-152325
4590144,-175,104,641466,-151425
4594752,-479,-104,640584,-150750
4599424,-617,-442,639720,-150075
4604160,-592,-598,638802,-149175
4608832,-719,-624,637830,-148500
4613504,-1058,-780,636714,-147870
4618240,-1310,-962,635490,-147060
4623040,-1107,-1170,634086,-146520
4627840,-806,-1196,632448,-145935
4632640,-555,-754,630684,-145215
4637312,-490,-546,628776,-144810
4641984,-553,-468,626814,-144225
4646656,-330,-494,624816,-143640
4651328,31,-390,622710,-143370
4655872,-2,0,620730,-142830
4660096,-164,0,618876,-142425
4664512,-320,-130,616932,-142110
4669184,-623,-286,614952,-141705
4673920,-536,-676,612900,-141255
4678592,-197,-468,610812,-140985
4683264,-333,-260,608670,-140625
4687936,-432,-256,606510,-140220
4692608,-318,-442,604332,-139995
4697280,-162,-286,602046,-139770
4701952,-160,-130,599868,-139365
4706624,200,-130,597582,-139275
4711232,-125,130,595422,-139005
4715840,-476,-52,593280,-138735
4720448,-392,-416,591138,-138645
4725120,-406,-468,589014,-138465
4729792,-383,-390,586782,-138285
4734464,-666,-416,584586,-138150
4739136,-485,-768,582300,-138150
4743808,-801,-520,579978,-137970
4748480,-609,-598,577602,-137970
4753216,-458,-676,575100,-137970
4757888,-688,-512,572562,-137880
4762560,-622,-728,569934,-137970
4767232,-415,-572,567198,-138060
4771904,-310,-512,564462,-138060
4776576,-549,-364,561600,-138195
4781248,-207,-390,558756,-138330
4785920,-75,-312,555822,-138465
4790528,109,-78,553014,-138600
4795072,535,52,550224,-138825
4799488,458,256,547560,-138915
4803968,168,494,545022,-139005
4808512,0,182,542502,-139365
4812800,-39,26,540234,-139545
4817280,-202,-26,537984,-139680
4821824,-125,-182,535626,-140040
4826496,-467,-256,533358,-140220
4831232,-686,-468,531036,-140490
4835904,-805,-702,528624,-140805
4840576,-589,-754,526230,-141165
4845248,-384,-598,523656,-141435
4849920,-65,-312,521082,-141840
4854528,-67,-256,518418,-142245
4859136,-334,-52,515826,-142605
4863680,8,-338,513234,-143055
4868096,-52,-26,510732,-143460
4872640,-97,-104,508266,-143775
4877248,30,-78,505710,-144315
4881664,148,-26,503280,-144810
4886144,-34,104,500922,-145170
4890688,-309,-52,498546,-145710
4895296,-390,-260,496188,-146250
4899968,-742,-512,493794,-146745
4904640,-767,-572,491346,-147330
4909312,-646,-806,488844,-147915
4913984,-854,-520,486216,-148500
4918656,-917,-936,483480,-149130
4923328,-730,-832,480636,-149805
4928000,-700,-702,477666,-150435
4932736,-738,-780,474570,-151155
4937408,-402,-624,471366,-151920
4942080,-275,-390,468090,-152640
4946752,-208,-338,464778,-153405
4951424,-403,-256,461412,-154215
4956096,-309,-512,458082,-154935
4960768,-701,-416,454680,-155790
4965440,-654,-676,451278,-156645
4970176,-592,-546,447786,-157545
4974848,-675,-598,444204,-158400
4979520,-761,-754,440514,-159255
4984192,-800,-806,436770,-160200
4988864,-768,-650,432864,-161190
4993536,-1039,-624,428832,-162090
4998336,-943,-1024,424656,-163125
5003072,-791,-858,420264,-164160
5007744,-534,-728,415854,-165195

